[WebServer] (node:1789541) Warning: The 'NO_COLOR' env is ignored due to the 'FORCE_COLOR' env being set.
[WebServer] (Use `node --trace-warnings ...` to show where the warning was created)


Running 15 tests using 1 worker

(node:1789596) Warning: The 'NO_COLOR' env is ignored due to the 'FORCE_COLOR' env being set.
(Use `node-22 --trace-warnings ...` to show where the warning was created)


[1/15] tests/authenticated/authenticated.spec.ts:95:1 › invalid search continuation is correlated over the real WebSocket
[2/15] tests/authenticated/authenticated.spec.ts:135:1 › installed bot completes public and private component journeys on real browser sockets
[3/15] tests/authenticated/authenticated.spec.ts:217:1 › real authenticated browser connectivity smoke uses isolated accounts
[WebServer] 3:02:45 AM [vite] ws proxy error:
[WebServer] Error: write ECONNRESET
[WebServer]     at afterWriteDispatched (node:internal/stream_base_commons:159:15)
[WebServer]     at writeGeneric (node:internal/stream_base_commons:150:3)
[WebServer]     at Socket._writeGeneric (node:net:967:11)
[WebServer]     at Socket._write (node:net:979:8)
[WebServer]     at writeOrBuffer (node:internal/streams/writable:572:12)
[WebServer]     at _write (node:internal/streams/writable:501:10)
[WebServer]     at Writable.write (node:internal/streams/writable:510:10)
[WebServer]     at Socket.ondata (node:internal/streams/readable:1009:22)
[WebServer]     at Socket.emit (node:events:519:28)
[WebServer]     at addChunk (node:internal/streams/readable:561:12)
[WebServer]     at readableAddChunkPushByteMode (node:internal/streams/readable:512:3)
[WebServer]     at Readable.push (node:internal/streams/readable:392:5)
[WebServer]     at TCP.onStreamRead (node:internal/stream_base_commons:189:23)

[WebServer] 3:02:45 AM [vite] ws proxy socket error:
[WebServer] Error: write ECONNRESET
[WebServer]     at afterWriteDispatched (node:internal/stream_base_commons:159:15)
[WebServer]     at writeGeneric (node:internal/stream_base_commons:150:3)
[WebServer]     at Socket._writeGeneric (node:net:967:11)
[WebServer]     at Socket._write (node:net:979:8)
[WebServer]     at writeOrBuffer (node:internal/streams/writable:572:12)
[WebServer]     at _write (node:internal/streams/writable:501:10)
[WebServer]     at Writable.write (node:internal/streams/writable:510:10)
[WebServer]     at Socket.ondata (node:internal/streams/readable:1009:22)
[WebServer]     at Socket.emit (node:events:519:28)
[WebServer]     at addChunk (node:internal/streams/readable:561:12)
[WebServer]     at readableAddChunkPushByteMode (node:internal/streams/readable:512:3)
[WebServer]     at Readable.push (node:internal/streams/readable:392:5)
[WebServer]     at TCP.onStreamRead (node:internal/stream_base_commons:189:23)

tests/authenticated/authenticated.spec.ts:217:1 › real authenticated browser connectivity smoke uses isolated accounts
[bob:console:debug] [vite] connecting...

[bob:ws:received] {"type":"connected"}

[bob:console:debug] [vite] connected.

[alice:console:debug] [vite] connecting...

[alice:ws:received] {"type":"connected"}

[alice:console:debug] [vite] connected.

[bob:console:info] %cDownload the React DevTools for a better development experience: https://react.dev/link/react-devtools font-weight:bold

[alice:console:info] %cDownload the React DevTools for a better development experience: https://react.dev/link/react-devtools font-weight:bold

[bob:ws:sent] {"type":"list_servers"}

[bob:ws:sent] {"type":"list_direct_conversations"}

[bob:ws:sent] {"type":"get_server_limits"}

[bob:ws:sent] {"type":"sync","request_id":"a507cf5d-9caf-473a-bbc6-4b093993de5a","protocol_version":2,"subscriptions":[],"limit":100}

[alice:ws:sent] {"type":"list_servers"}

[alice:ws:sent] {"type":"list_direct_conversations"}

[alice:ws:sent] {"type":"get_server_limits"}

[alice:ws:sent] {"type":"sync","request_id":"fe3a7e93-aa5d-459d-834d-f5c64e13e762","protocol_version":2,"subscriptions":[],"limit":100}

[bob:ws:received] {"type":"own_presence","requested_status":"online","effective_status":"online","custom_status":null,"status_emoji":null}

[alice:ws:received] {"type":"own_presence","requested_status":"online","effective_status":"online","custom_status":null,"status_emoji":null}

[bob:ws:received] {"type":"server_list","servers":[{"id":"browser-server","name":"Browser fixture","member_count":3,"role":"member","my_permissions":80913}]}

[bob:ws:sent] {"type":"list_channels","server_id":"browser-server"}

[bob:ws:sent] {"type":"get_unread_counts","server_id":"browser-server"}

[bob:ws:sent] {"type":"list_channels","server_id":"browser-server"}

[bob:ws:sent] {"type":"get_unread_counts","server_id":"browser-server"}

[bob:ws:received] {"type":"direct_conversation_list","conversations":[{"id":"browser-dm","peer_id":"browser-alice","peer_username":"alice","last_message_at":"2026-09-06 08:02:38","unread_count":0}]}

[bob:ws:sent] {"type":"sync","request_id":"fa9f4955-b95d-4a57-91b2-ec44158017ac","protocol_version":2,"subscriptions":["browser-dm"],"limit":100}

[bob:ws:received] {"type":"server_limits","max_message_length":4000,"max_file_size_mb":10}

[bob:ws:received] {"type":"sync_snapshot","request_id":"a507cf5d-9caf-473a-bbc6-4b093993de5a","snapshot":{"protocol_version":2,"operation_generation":"46dbf294fbbe4e3af2cd6ddd32e97a0d","cursor":"q1C2BF8hOSHgYwuXV7_qIeEla1CT34bgRnaU54CDRY6JOGUgxbpVoNHFhi6chc28ObvTxcm7fWGw-nqjXqymvPe2pHxwftlMHVrB2pFIkNEG7faSZ7As-DpI5OpwuVcEnAHaXsS37sNFz8jkzBQMzxNsgwU1UEPv_d0n7X393bO6tZ6y6pRqDEoCfNp9KcmrwNyD3PAVU2_9F42TQy4Kf16ftawhQvSlLX_R5ZZLdLqaq9-4U4BxpRGF1K47iNgvC5fUrXUQpsjhGuscUtSGXv1ggLV6KjzCZ600dkmXEnXpBKS7bIJ4dM_u52SmfasPYcM

[bob:ws:received] {"type":"channel_list","server_id":"browser-server","channels":[{"id":"browser-general","conversation_id":"channel:62726F777365722D67656E6572616C","server_id":"browser-server","name":"#general","topic":"","member_count":0,"position":0,"is_private":false,"channel_type":"text","archived":false,"slowmode_seconds":0,"is_nsfw":false}]}

[bob:ws:sent] {"type":"list_roles","server_id":"browser-server"}

[bob:ws:sent] {"type":"list_categories","server_id":"browser-server"}

[bob:ws:sent] {"type":"get_presences","server_id":"browser-server"}

[bob:ws:sent] {"type":"get_notification_settings","server_id":"browser-server"}

[bob:ws:sent] {"type":"sync","request_id":"da98004d-f1be-4c32-95cd-545eef25b023","protocol_version":2,"subscriptions":["browser-dm","channel:62726F777365722D67656E6572616C"],"limit":100}

[bob:ws:received] {"type":"unread_counts","server_id":"browser-server","counts":[]}

[bob:ws:received] {"type":"channel_list","server_id":"browser-server","channels":[{"id":"browser-general","conversation_id":"channel:62726F777365722D67656E6572616C","server_id":"browser-server","name":"#general","topic":"","member_count":0,"position":0,"is_private":false,"channel_type":"text","archived":false,"slowmode_seconds":0,"is_nsfw":false}]}

[bob:ws:received] {"type":"unread_counts","server_id":"browser-server","counts":[]}

[bob:ws:received] {"type":"sync_snapshot","request_id":"fa9f4955-b95d-4a57-91b2-ec44158017ac","snapshot":{"protocol_version":2,"operation_generation":"46dbf294fbbe4e3af2cd6ddd32e97a0d","cursor":"-1VPL4mz-DyoLx_g2iQgPygaulO1yEv3X5FzuMICbeHzYqnH5igaNKvyiXrc_ZzDGh-jabfVQ2XZaNEpPDAY9QbFtJ_6LJGsoHlhN2MBa33gTboMo_RS64ZaM6jkZeUTdFsOL6lB7VghT-S9eSYw5YOWv1BVw0oNbvTPWXKLnDUWvgAuQ07LrMHUwuERN0TCxN4hGDEiCVSRezPro0zWizRrMG5HwwQPFTcGwICInpMgYWmmtxoSW2Nl755BFmmCiLFzrRIzPB2hItAni2ciTs9h8pUFYP29kqPtQD7Vhfr_jebG4FXq1xpN7qiLK0Up9dG

[alice:ws:received] {"type":"server_list","servers":[{"id":"browser-server","name":"Browser fixture","member_count":3,"role":"owner","my_permissions":32636159}]}

[alice:ws:sent] {"type":"list_channels","server_id":"browser-server"}

[alice:ws:sent] {"type":"get_unread_counts","server_id":"browser-server"}

[alice:ws:sent] {"type":"list_channels","server_id":"browser-server"}

[alice:ws:sent] {"type":"get_unread_counts","server_id":"browser-server"}

[alice:ws:received] {"type":"direct_conversation_list","conversations":[{"id":"browser-dm","peer_id":"browser-bob","peer_username":"bob","last_message_at":"2026-09-06 08:02:38","unread_count":1}]}

[alice:ws:sent] {"type":"sync","request_id":"e6e7ed0c-4f92-4f1f-8802-db54d655f11a","protocol_version":2,"subscriptions":["browser-dm"],"limit":100}

[alice:ws:received] {"type":"server_limits","max_message_length":4000,"max_file_size_mb":10}

[alice:ws:received] {"type":"sync_snapshot","request_id":"fe3a7e93-aa5d-459d-834d-f5c64e13e762","snapshot":{"protocol_version":2,"operation_generation":"46dbf294fbbe4e3af2cd6ddd32e97a0d","cursor":"dWyl4cSSj4dDonuiHcg17lBAyJYogjnWY8V3n88YtjJ8Q_VUtiLoZoX2stJlrGuWn1DO-KoSqtjuLegFeDVGrvx82ZCraOkfoJ0U82Iy1PEXOASz8mkbnyaNdmEHPDo1Nh9suTjW_jg15Eb5wvc2YSgEqNT3S95gH0hgGmgILGudg-NU7a9xcQIBxo8M9h2j9EzTrOPn-QX22mZFc3ppYV-NX8uY1QvvAiVKc2711ZsPRH_VBn6M4U7HCZRc7YwzQzxdI-35P_zVaaW0T061BcabA-idfg7AT8Ynq9PU_C_leJ9w_IPVOwFzcJGJoI_yfWY

[alice:ws:received] {"type":"channel_list","server_id":"browser-server","channels":[{"id":"browser-general","conversation_id":"channel:62726F777365722D67656E6572616C","server_id":"browser-server","name":"#general","topic":"","member_count":0,"position":0,"is_private":false,"channel_type":"text","archived":false,"slowmode_seconds":0,"is_nsfw":false}]}

[alice:ws:sent] {"type":"list_roles","server_id":"browser-server"}

[alice:ws:sent] {"type":"list_categories","server_id":"browser-server"}

[alice:ws:sent] {"type":"get_presences","server_id":"browser-server"}

[alice:ws:sent] {"type":"get_notification_settings","server_id":"browser-server"}

[alice:ws:sent] {"type":"sync","request_id":"99786f18-8e24-45de-8e9f-875013d59535","protocol_version":2,"subscriptions":["browser-dm","channel:62726F777365722D67656E6572616C"],"limit":100}

[alice:ws:received] {"type":"unread_counts","server_id":"browser-server","counts":[]}

[alice:ws:received] {"type":"channel_list","server_id":"browser-server","channels":[{"id":"browser-general","conversation_id":"channel:62726F777365722D67656E6572616C","server_id":"browser-server","name":"#general","topic":"","member_count":0,"position":0,"is_private":false,"channel_type":"text","archived":false,"slowmode_seconds":0,"is_nsfw":false}]}

[alice:ws:received] {"type":"unread_counts","server_id":"browser-server","counts":[]}

[4/15] tests/authenticated/authenticated.spec.ts:245:1 › server creation settings and integrations dialogs trap Escape and restore focus
[WebServer] 3:02:45 AM [vite] ws proxy error:
[WebServer] Error: write EPIPE
[WebServer]     at afterWriteDispatched (node:internal/stream_base_commons:159:15)
[WebServer]     at writeGeneric (node:internal/stream_base_commons:150:3)
[WebServer]     at Socket._writeGeneric (node:net:967:11)
[WebServer]     at Socket._write (node:net:979:8)
[WebServer]     at writeOrBuffer (node:internal/streams/writable:572:12)
[WebServer]     at _write (node:internal/streams/writable:501:10)
[WebServer]     at Writable.write (node:internal/streams/writable:510:10)
[WebServer]     at Socket.ondata (node:internal/streams/readable:1009:22)
[WebServer]     at Socket.emit (node:events:519:28)
[WebServer]     at addChunk (node:internal/streams/readable:561:12)
[WebServer]     at readableAddChunkPushByteMode (node:internal/streams/readable:512:3)
[WebServer]     at Readable.push (node:internal/streams/readable:392:5)
[WebServer]     at TCP.onStreamRead (node:internal/stream_base_commons:189:23)
[WebServer] 3:02:45 AM [vite] ws proxy socket error:
[WebServer] Error: write EPIPE
[WebServer]     at afterWriteDispatched (node:internal/stream_base_commons:159:15)
[WebServer]     at writeGeneric (node:internal/stream_base_commons:150:3)
[WebServer]     at Socket._writeGeneric (node:net:967:11)
[WebServer]     at Socket._write (node:net:979:8)
[WebServer]     at writeOrBuffer (node:internal/streams/writable:572:12)
[WebServer]     at _write (node:internal/streams/writable:501:10)
[WebServer]     at Writable.write (node:internal/streams/writable:510:10)
[WebServer]     at Socket.ondata (node:internal/streams/readable:1009:22)
[WebServer]     at Socket.emit (node:events:519:28)
[WebServer]     at addChunk (node:internal/streams/readable:561:12)
[WebServer]     at readableAddChunkPushByteMode (node:internal/streams/readable:512:3)
[WebServer]     at Readable.push (node:internal/streams/readable:392:5)
[WebServer]     at TCP.onStreamRead (node:internal/stream_base_commons:189:23)

tests/authenticated/authenticated.spec.ts:245:1 › server creation settings and integrations dialogs trap Escape and restore focus
[dialogs:console:debug] [vite] connecting...

[dialogs:ws:received] {"type":"connected"}

[dialogs:console:debug] [vite] connected.

[dialogs:console:info] %cDownload the React DevTools for a better development experience: https://react.dev/link/react-devtools font-weight:bold

[dialogs:ws:sent] {"type":"list_servers"}

[dialogs:ws:sent] {"type":"list_direct_conversations"}

[dialogs:ws:sent] {"type":"get_server_limits"}

[dialogs:ws:sent] {"type":"sync","request_id":"52dcaa7e-d34b-475a-96ea-468bd586f3c4","protocol_version":2,"subscriptions":[],"limit":100}

[dialogs:ws:received] {"type":"own_presence","requested_status":"online","effective_status":"online","custom_status":null,"status_emoji":null}

[dialogs:ws:received] {"type":"server_list","servers":[{"id":"browser-server","name":"Browser fixture","member_count":3,"role":"owner","my_permissions":32636159}]}

[dialogs:ws:sent] {"type":"list_channels","server_id":"browser-server"}

[dialogs:ws:sent] {"type":"get_unread_counts","server_id":"browser-server"}

[dialogs:ws:sent] {"type":"list_channels","server_id":"browser-server"}

[dialogs:ws:sent] {"type":"get_unread_counts","server_id":"browser-server"}

[dialogs:ws:received] {"type":"direct_conversation_list","conversations":[{"id":"browser-dm","peer_id":"browser-bob","peer_username":"bob","last_message_at":"2026-09-06 08:02:38","unread_count":1}]}

[dialogs:ws:sent] {"type":"sync","request_id":"830b5e36-7677-431d-97af-b0dada75d41a","protocol_version":2,"subscriptions":["browser-dm"],"limit":100}

[dialogs:ws:received] {"type":"server_limits","max_message_length":4000,"max_file_size_mb":10}

[dialogs:ws:received] {"type":"sync_snapshot","request_id":"52dcaa7e-d34b-475a-96ea-468bd586f3c4","snapshot":{"protocol_version":2,"operation_generation":"46dbf294fbbe4e3af2cd6ddd32e97a0d","cursor":"y0fPBpxOUBgTYQktahSWsUrwSFwcZGtX4Hllzo5HvhwNvhDuZq2fNQ1xwBcbovOfZ73Gzvn8xfJ89YpNy4Ll3JurlpN_h-HZrueMG2OrdZALGg3JuNTJH4EG-uWzqsNbgKadwA9-IGT9J8UOFzbCNhaf0y6am947MtrklEqgsjGMW53iu350m5WbAZ7VUY6VBETF5v8C6WWAmsy5tpZcoeBi6khgLhgRX3XhcyJwKXSSG_3k6-Whiwgf42I1xZLO1Fpo89df8EnPBGdJcu7F15MtyQ_OAZmRlKeU5ioL8CTymecUQA1wmH9rFBzXUtFBHGw

[dialogs:ws:received] {"type":"channel_list","server_id":"browser-server","channels":[{"id":"browser-general","conversation_id":"channel:62726F777365722D67656E6572616C","server_id":"browser-server","name":"#general","topic":"","member_count":0,"position":0,"is_private":false,"channel_type":"text","archived":false,"slowmode_seconds":0,"is_nsfw":false}]}

[dialogs:ws:sent] {"type":"list_roles","server_id":"browser-server"}

[dialogs:ws:sent] {"type":"list_categories","server_id":"browser-server"}

[dialogs:ws:sent] {"type":"get_presences","server_id":"browser-server"}

[dialogs:ws:sent] {"type":"get_notification_settings","server_id":"browser-server"}

[dialogs:ws:sent] {"type":"sync","request_id":"09fb9816-8e79-4c31-a5cb-6caa2cce8096","protocol_version":2,"subscriptions":["browser-dm","channel:62726F777365722D67656E6572616C"],"limit":100}

[dialogs:ws:received] {"type":"unread_counts","server_id":"browser-server","counts":[]}

[dialogs:ws:received] {"type":"channel_list","server_id":"browser-server","channels":[{"id":"browser-general","conversation_id":"channel:62726F777365722D67656E6572616C","server_id":"browser-server","name":"#general","topic":"","member_count":0,"position":0,"is_private":false,"channel_type":"text","archived":false,"slowmode_seconds":0,"is_nsfw":false}]}

[dialogs:ws:received] {"type":"unread_counts","server_id":"browser-server","counts":[]}

[dialogs:ws:received] {"type":"sync_snapshot","request_id":"830b5e36-7677-431d-97af-b0dada75d41a","snapshot":{"protocol_version":2,"operation_generation":"46dbf294fbbe4e3af2cd6ddd32e97a0d","cursor":"DSLClW3IsWmpsu1h3cvEP6satheNTOFibIa2PYuNqUgr7cDHd3vIctOJZ-tX38uLuwXmGLEaQdP4taU8feH2VcOivWK36RFgqp99RIHoVNv2tpBdk7f0AN5tnbzbTRaY3Vs7ev0qTlN8I14tC6n_EbWiThpIf7YICVrI_fjK0aITChYD6tJUduLBX1-rSi2RLq8KLSrtGpm7u8Qm7GaTxYwj3HDMyybkjYAbTzpIKk1UVXlIhzNJ9zJvqzB794M2goOaLYpHGwK7JK5MdUSEqXWJd4Uh1GKduEjOV0nHB_urPoCEk3dC8tj8Q5aPMfU5vGp

[dialogs:ws:received] {"type":"role_list","server_id":"browser-server","version":0,"roles":[{"id":"e535a359-cb7f-4d6c-9451-32aef599c494","server_id":"browser-server","name":"Owner","position":3,"permissions":32636159,"is_default":false},{"id":"75f6531b-4433-4367-bf81-1fd76af041fb","server_id":"browser-server","name":"Admin","position":2,"permissions":130175,"is_default":false},{"id":"3d9d6cf1-a551-43ba-93a4-0b23f81edd22","server_id":"browser-server","name":"Moderator","position":1,"permissions":130097,"is_default":fa

[dialogs:ws:received] {"type":"category_list","server_id":"browser-server","categories":[]}

[dialogs:ws:received] {"type":"presence_list","server_id":"browser-server","presences":[{"user_id":"browser-alice","nickname":"alice","status":"online"},{"user_id":"browser-bob","nickname":"bob","status":"offline"},{"user_id":"browser-helper-bot","nickname":"helper-bot","status":"offline"}]}

[dialogs:ws:received] {"type":"notification_settings","server_id":"browser-server","settings":[]}

[dialogs:ws:received] {"type":"sync_snapshot","request_id":"09fb9816-8e79-4c31-a5cb-6caa2cce8096","snapshot":{"protocol_version":2,"operation_generation":"46dbf294fbbe4e3af2cd6ddd32e97a0d","cursor":"EMEkp-4M9LN2S3v144xJ0vjnuAIZdajYCCAm707PVExQAGfNHV0AgUr3xZN5ArDZokf_7xj_ZlceJMmJ0mV2Ux_PQwq7Xm_7BuEoOc8hfKK-mCOCMZ7VhK8M60ynp_EqCMgJKQX_3n5IbqEM-mhjYvPXXolx8qJlNAk9Jub6pvt9WhrXihcdpTdbg9V_oD3f2n6w_MSLQ65m3kVhllWp9S6frJzsxGUKsfJAaPKZPtibVE74zL-qraEZKytCb7PcqK8WCXOkZFe3lDo_UIk3wKz3V9p11Fww0U80sbcTnYBr4kySKQGUtV9N8XXRSF3c47d

[dialogs:ws:sent] {"type":"list_channels","server_id":"browser-server"}

[dialogs:ws:received] {"type":"channel_list","server_id":"browser-server","channels":[{"id":"browser-general","conversation_id":"channel:62726F777365722D67656E6572616C","server_id":"browser-server","name":"#general","topic":"","member_count":0,"position":0,"is_private":false,"channel_type":"text","archived":false,"slowmode_seconds":0,"is_nsfw":false}]}

[dialogs:ws:sent] {"type":"join_channel","server_id":"browser-server","channel":"#general"}

[dialogs:ws:sent] {"type":"get_members","server_id":"browser-server","channel":"#general"}

[dialogs:ws:sent] {"type":"fetch_history","server_id":"browser-server","channel":"#general","limit":50}

[dialogs:ws:sent] {"type":"list_threads","server_id":"browser-server","channel":"#general"}

[dialogs:ws:sent] {"type":"list_forum_tags","server_id":"browser-server","channel":"#general"}

[dialogs:ws:sent] {"type":"mark_read","operation_generation":"46dbf294fbbe4e3af2cd6ddd32e97a0d","request_id":"d13dc7b7-b3dc-4491-ae34-5a4b13d0d39e","client_message_id":"d13dc7b7-b3dc-4491-ae34-5a4b13d0d39e","server_id":"browser-server","channel":"#general","message_id":"05dbfc07-2ee4-4efa-a933-030ceba2a8cb"}

[dialogs:ws:sent] {"type":"list_slash_commands","server_id":"browser-server"}

[dialogs:ws:sent] {"type":"list_channels","server_id":"browser-server"}

[dialogs:ws:sent] {"type":"get_unread_counts","server_id":"browser-server"}

[dialogs:ws:sent] {"type":"join_channel","server_id":"browser-server","channel":"#general"}

[dialogs:ws:sent] {"type":"get_members","server_id":"browser-server","channel":"#general"}

[dialogs:ws:sent] {"type":"fetch_history","server_id":"browser-server","channel":"#general","limit":50}

[dialogs:ws:sent] {"type":"list_threads","server_id":"browser-server","channel":"#general"}

[dialogs:ws:sent] {"type":"list_forum_tags","server_id":"browser-server","channel":"#general"}

[dialogs:ws:sent] {"type":"list_slash_commands","server_id":"browser-server"}

[dialogs:ws:received] {"type":"join","nickname":"alice","server_id":"browser-server","channel":"#general","user_id":"browser-alice","role_ids":["e535a359-cb7f-4d6c-9451-32aef599c494"]}

[dialogs:console:error] Failed to load resource: the server responded with a status of 404 (Not Found)

[dialogs:ws:received] {"type":"names","server_id":"browser-server","channel":"#general","members":[{"nickname":"alice","user_id":"browser-alice","role_ids":["e535a359-cb7f-4d6c-9451-32aef599c494"]}]}

[dialogs:ws:received] {"type":"names","server_id":"browser-server","channel":"#general","members":[{"nickname":"alice","user_id":"browser-alice","role_ids":["e535a359-cb7f-4d6c-9451-32aef599c494"]}]}

[dialogs:ws:received] {"type":"history","server_id":"browser-server","channel":"#general","messages":[{"id":"05dbfc07-2ee4-4efa-a933-030ceba2a8cb","from":"helper-bot","content":"Public controls","timestamp":"2026-09-06T08:02:43.678Z","components":[{"type":"action_row","components":[{"type":"button","custom_id":"continue","label":"Continue","style":"primary","disabled":false}]}]}],"has_more":false}

[dialogs:ws:received] {"type":"thread_list","server_id":"browser-server","channel":"#general","threads":[]}

[dialogs:ws:received] {"type":"error","code":"INVALID_INPUT","message":"forum tags require a forum channel"}

[dialogs:console:error] Server error [INVALID_INPUT]: forum tags require a forum channel

[dialogs:ws:received] {"type":"command_committed","receipt":{"request_id":"d13dc7b7-b3dc-4491-ae34-5a4b13d0d39e","client_message_id":"d13dc7b7-b3dc-4491-ae34-5a4b13d0d39e","message_id":"05dbfc07-2ee4-4efa-a933-030ceba2a8cb","sequence":"1","entity_version":1,"persisted_at":"2026-09-06T08:02:46.235717526+00:00","replayed":false}}

[dialogs:ws:received] {"type":"slash_command_list","server_id":"browser-server","commands":[{"id":"browser-command","bot_user_id":"browser-helper-bot","name":"journey","description":"Exercise bot interactions","options":[]}]}

[dialogs:ws:received] {"type":"channel_list","server_id":"browser-server","channels":[{"id":"browser-general","conversation_id":"channel:62726F777365722D67656E6572616C","server_id":"browser-server","name":"#general","topic":"","member_count":1,"position":0,"is_private":false,"channel_type":"text","archived":false,"slowmode_seconds":0,"is_nsfw":false}]}

[dialogs:ws:received] {"type":"unread_counts","server_id":"browser-server","counts":[]}

[dialogs:ws:received] {"type":"join","nickname":"alice","server_id":"browser-server","channel":"#general","user_id":"browser-alice","role_ids":["e535a359-cb7f-4d6c-9451-32aef599c494"]}

[dialogs:ws:received] {"type":"names","server_id":"browser-server","channel":"#general","members":[{"nickname":"alice","user_id":"browser-alice","role_ids":["e535a359-cb7f-4d6c-9451-32aef599c494"]}]}

[dialogs:ws:received] {"type":"names","server_id":"browser-server","channel":"#general","members":[{"nickname":"alice","user_id":"browser-alice","role_ids":["e535a359-cb7f-4d6c-9451-32aef599c494"]}]}

[dialogs:ws:received] {"type":"history","server_id":"browser-server","channel":"#general","messages":[{"id":"05dbfc07-2ee4-4efa-a933-030ceba2a8cb","from":"helper-bot","content":"Public controls","timestamp":"2026-09-06T08:02:43.678Z","components":[{"type":"action_row","components":[{"type":"button","custom_id":"continue","label":"Continue","style":"primary","disabled":false}]}]}],"has_more":false}

[dialogs:ws:received] {"type":"thread_list","server_id":"browser-server","channel":"#general","threads":[]}

[dialogs:ws:received] {"type":"error","code":"INVALID_INPUT","message":"forum tags require a forum channel"}

[dialogs:console:error] Server error [INVALID_INPUT]: forum tags require a forum channel

[dialogs:ws:received] {"type":"slash_command_list","server_id":"browser-server","commands":[{"id":"browser-command","bot_user_id":"browser-helper-bot","name":"journey","description":"Exercise bot interactions","options":[]}]}

[dialogs:ws:sent] {"type":"list_webhooks","server_id":"browser-server"}

[dialogs:ws:sent] {"type":"list_webhooks","server_id":"browser-server"}

[dialogs:ws:received] {"type":"webhook_list","server_id":"browser-server","webhooks":[]}

[dialogs:ws:received] {"type":"webhook_list","server_id":"browser-server","webhooks":[]}

[5/15] tests/authenticated/authenticated.spec.ts:284:1 › a direct message committed while its recipient is offline is delivered after login
tests/authenticated/authenticated.spec.ts:284:1 › a direct message committed while its recipient is offline is delivered after login
[alice-dm:console:debug] [vite] connecting...

[alice-dm:ws:received] {"type":"connected"}

[alice-dm:console:debug] [vite] connected.

[alice-dm:console:info] %cDownload the React DevTools for a better development experience: https://react.dev/link/react-devtools font-weight:bold

[alice-dm:ws:sent] {"type":"list_servers"}

[alice-dm:ws:sent] {"type":"list_direct_conversations"}

[alice-dm:ws:sent] {"type":"get_server_limits"}

[alice-dm:ws:sent] {"type":"sync","request_id":"63410854-dc46-4044-962a-d62c7cd6b643","protocol_version":2,"subscriptions":[],"limit":100}

[alice-dm:ws:received] {"type":"own_presence","requested_status":"online","effective_status":"online","custom_status":null,"status_emoji":null}

[alice-dm:ws:received] {"type":"server_list","servers":[{"id":"browser-server","name":"Browser fixture","member_count":3,"role":"owner","my_permissions":32636159}]}

[alice-dm:ws:sent] {"type":"list_channels","server_id":"browser-server"}

[alice-dm:ws:sent] {"type":"get_unread_counts","server_id":"browser-server"}

[alice-dm:ws:sent] {"type":"list_channels","server_id":"browser-server"}

[alice-dm:ws:sent] {"type":"get_unread_counts","server_id":"browser-server"}

[alice-dm:ws:received] {"type":"direct_conversation_list","conversations":[{"id":"browser-dm","peer_id":"browser-bob","peer_username":"bob","last_message_at":"2026-09-06 08:02:38","unread_count":1}]}

[alice-dm:ws:sent] {"type":"sync","request_id":"2364f0d5-55f9-4114-b274-dbd6296dcba3","protocol_version":2,"subscriptions":["browser-dm"],"limit":100}

[alice-dm:ws:received] {"type":"server_limits","max_message_length":4000,"max_file_size_mb":10}

[alice-dm:ws:received] {"type":"sync_snapshot","request_id":"63410854-dc46-4044-962a-d62c7cd6b643","snapshot":{"protocol_version":2,"operation_generation":"46dbf294fbbe4e3af2cd6ddd32e97a0d","cursor":"uWNPs7cIs34tc0xLClfWH9JUahsGjE1gRiWHtEbH0PiIkFvE-M7DP98OP3s_Jt0ik50bZRE7wu-XC0CH2BDmva6b8Y2CAprvZ-v4allsUuMVjeUnpXqVLu2T-3or678jwowYO3I5EOOkvnoz-D1V6BnX1shA20Orgms21bk9sQurSPM4ZxCth_xi_nmWFjsVpgDg7Fu9c6_nrmyb3MyX0msiZdlNNfXSR8nYwntZ98jgjk1N4u3L8GyAVsB7DeJToPtbWqPzkUGN8Iq5_IJtCevb6p1ZL7i5noglI95asKlQZCn0o4aP4vmILiEmlV1-7wv

[alice-dm:ws:received] {"type":"channel_list","server_id":"browser-server","channels":[{"id":"browser-general","conversation_id":"channel:62726F777365722D67656E6572616C","server_id":"browser-server","name":"#general","topic":"","member_count":0,"position":0,"is_private":false,"channel_type":"text","archived":false,"slowmode_seconds":0,"is_nsfw":false}]}

[alice-dm:ws:sent] {"type":"list_roles","server_id":"browser-server"}

[alice-dm:ws:sent] {"type":"list_categories","server_id":"browser-server"}

[alice-dm:ws:sent] {"type":"get_presences","server_id":"browser-server"}

[alice-dm:ws:sent] {"type":"get_notification_settings","server_id":"browser-server"}

[alice-dm:ws:sent] {"type":"sync","request_id":"f2bc344a-187f-42c3-a297-dc07c8b11bc2","protocol_version":2,"subscriptions":["browser-dm","channel:62726F777365722D67656E6572616C"],"limit":100}

[alice-dm:ws:received] {"type":"unread_counts","server_id":"browser-server","counts":[]}

[alice-dm:ws:received] {"type":"channel_list","server_id":"browser-server","channels":[{"id":"browser-general","conversation_id":"channel:62726F777365722D67656E6572616C","server_id":"browser-server","name":"#general","topic":"","member_count":0,"position":0,"is_private":false,"channel_type":"text","archived":false,"slowmode_seconds":0,"is_nsfw":false}]}

[alice-dm:ws:received] {"type":"unread_counts","server_id":"browser-server","counts":[]}

[alice-dm:ws:received] {"type":"sync_snapshot","request_id":"2364f0d5-55f9-4114-b274-dbd6296dcba3","snapshot":{"protocol_version":2,"operation_generation":"46dbf294fbbe4e3af2cd6ddd32e97a0d","cursor":"FCZh7hPRK9D8atrKC5R0IqsmbitVUvMfT3WiELfGhvkvpzu7Ln_6W7TXVeKVtwYzhNj1EkX-YPbi5UegHFYHN6yq4TbMGFkKSYGk_H3N2-qSUvJrvxWIKEqHeFsDUydAHug5U0yTzQw1YwcMOcPdagmKJmU6yo9hDBVGJNaUm_T2mkxZaQuADGimDccQ5KrB3N9FmP5cTRTtacYKaxYyN1o1ZIEZ8GkWkKvdjeexMx0VSbIO_amGDLL6KjszUKkXsNIc7tQA0vFvimd7QiqEa5sZUT9gjYsK8rwE9_KBEFmJPbgjmCW_-q8miBbYeXDItpf

[alice-dm:ws:received] {"type":"role_list","server_id":"browser-server","version":0,"roles":[{"id":"e535a359-cb7f-4d6c-9451-32aef599c494","server_id":"browser-server","name":"Owner","position":3,"permissions":32636159,"is_default":false},{"id":"75f6531b-4433-4367-bf81-1fd76af041fb","server_id":"browser-server","name":"Admin","position":2,"permissions":130175,"is_default":false},{"id":"3d9d6cf1-a551-43ba-93a4-0b23f81edd22","server_id":"browser-server","name":"Moderator","position":1,"permissions":130097,"is_default":fa

[alice-dm:ws:received] {"type":"category_list","server_id":"browser-server","categories":[]}

[alice-dm:ws:received] {"type":"presence_list","server_id":"browser-server","presences":[{"user_id":"browser-alice","nickname":"alice","status":"online"},{"user_id":"browser-bob","nickname":"bob","status":"offline"},{"user_id":"browser-helper-bot","nickname":"helper-bot","status":"offline"}]}

[alice-dm:ws:received] {"type":"notification_settings","server_id":"browser-server","settings":[]}

[alice-dm:ws:received] {"type":"sync_snapshot","request_id":"f2bc344a-187f-42c3-a297-dc07c8b11bc2","snapshot":{"protocol_version":2,"operation_generation":"46dbf294fbbe4e3af2cd6ddd32e97a0d","cursor":"k8xknJdlhrmBV4BLgvFqgMcISPK9GHzPSs8t_jMVCmjO18nOQV7OYYqc438GnNiSXxe0Iy-sWf_5EIvPfQKgXVeyvaTdRYFdMDKq3Bf44CudPD2Lm-R3T_gpI7wGJHHuLkmmTxkKZ978qAYuppS4kQZ_YtTKGAhc8wYdKsHewjMnrt1IGUQQMNU6mHSbRp0C9lj3xUblXVupbWVAIQXX8ZxNkZ4HiW_IrzsZIdJX7Ct1IKNYLLeI0A9aCeL5Ms6KoxAxPDfXkC-g3ks44L0UFVIXjGPGremH8Kl5WvE16LOe80D58oezY9usrcORy86mc9M

[alice-dm:ws:sent] {"type":"mark_read","operation_generation":"46dbf294fbbe4e3af2cd6ddd32e97a0d","request_id":"ffbbaf14-eac3-4d16-90ce-4e89e01aefc3","client_message_id":"ffbbaf14-eac3-4d16-90ce-4e89e01aefc3","conversation_id":"browser-dm","channel":"","message_id":"10000000-0000-4000-8000-000000000001"}

[alice-dm:ws:received] {"type":"command_committed","receipt":{"request_id":"ffbbaf14-eac3-4d16-90ce-4e89e01aefc3","client_message_id":"ffbbaf14-eac3-4d16-90ce-4e89e01aefc3","message_id":"10000000-0000-4000-8000-000000000001","sequence":"1","entity_version":1,"persisted_at":"2026-09-06T08:02:46.901428679+00:00","replayed":false}}

[alice-dm:ws:sent] {"type":"send_direct_message","operation_generation":"46dbf294fbbe4e3af2cd6ddd32e97a0d","request_id":"5ca0c984-3d81-49ca-9a6a-0debe212aedc","client_message_id":"5ca0c984-3d81-49ca-9a6a-0debe212aedc","recipient":"bob","content":"real websocket reply","nonce":"5ca0c984-3d81-49ca-9a6a-0debe212aedc"}

[alice-dm:ws:received] {"type":"message_ack","id":"bbb4dd7a-8eca-4ced-8f26-da58418d9da0","server_id":"","channel":"bob","conversation_id":"browser-dm","request_id":"5ca0c984-3d81-49ca-9a6a-0debe212aedc","client_message_id":"5ca0c984-3d81-49ca-9a6a-0debe212aedc","sequence":"2","persisted_at":"2026-09-06 08:02:46.950","replayed":false,"nonce":"5ca0c984-3d81-49ca-9a6a-0debe212aedc"}

[bob-dm:console:debug] [vite] connecting...

[bob-dm:ws:received] {"type":"connected"}

[bob-dm:console:debug] [vite] connected.

[bob-dm:console:info] %cDownload the React DevTools for a better development experience: https://react.dev/link/react-devtools font-weight:bold

[alice-dm:ws:received] {"type":"durable_event","event":{"kind":"read_advanced","conversation_id":"browser-dm","entity_type":"read_state","entity_id":"575f6cd77dcb0adcaac45facaa0caf9ad92c97a679b4d8a74086f60ad5b19cb5","entity_version":1,"message":null,"reaction":null,"read_state":{"conversation_id":"browser-dm","message_id":"10000000-0000-4000-8000-000000000001","sequence":"1","entity_version":1},"descriptor":{"conversation_id":"browser-dm","conversation_sequence":"1","message_id":"10000000-0000-4000-8000-000000000001",

[alice-dm:ws:received] {"type":"durable_event","event":{"kind":"message_created","conversation_id":"browser-dm","entity_type":"message","entity_id":"bbb4dd7a-8eca-4ced-8f26-da58418d9da0","entity_version":1,"message":{"message_id":"bbb4dd7a-8eca-4ced-8f26-da58418d9da0","conversation_id":"browser-dm","sequence":"2","entity_version":1,"sender_id":"browser-alice","sender_nick":"alice","content":"real websocket reply","content_format":"markdown","created_at":"2026-09-06 08:02:46.950","edited_at":null,"deleted":false,"reply

[alice-dm:ws:sent] {"type":"mark_read","operation_generation":"46dbf294fbbe4e3af2cd6ddd32e97a0d","request_id":"59a46dcf-7fba-4547-abab-6f945c13a241","client_message_id":"59a46dcf-7fba-4547-abab-6f945c13a241","conversation_id":"browser-dm","channel":"","message_id":"bbb4dd7a-8eca-4ced-8f26-da58418d9da0"}

[alice-dm:ws:received] {"type":"command_committed","receipt":{"request_id":"59a46dcf-7fba-4547-abab-6f945c13a241","client_message_id":"59a46dcf-7fba-4547-abab-6f945c13a241","message_id":"bbb4dd7a-8eca-4ced-8f26-da58418d9da0","sequence":"2","entity_version":2,"persisted_at":"2026-09-06T08:02:47.334809700+00:00","replayed":false}}

[bob-dm:ws:sent] {"type":"list_servers"}

[bob-dm:ws:sent] {"type":"list_direct_conversations"}

[bob-dm:ws:sent] {"type":"get_server_limits"}

[bob-dm:ws:sent] {"type":"sync","request_id":"d7e50f45-9e8e-4d67-9334-72532dfaafcb","protocol_version":2,"subscriptions":[],"limit":100}

[bob-dm:ws:received] {"type":"own_presence","requested_status":"online","effective_status":"online","custom_status":null,"status_emoji":null}

[bob-dm:ws:received] {"type":"server_list","servers":[{"id":"browser-server","name":"Browser fixture","member_count":3,"role":"member","my_permissions":80913}]}

[bob-dm:ws:sent] {"type":"list_channels","server_id":"browser-server"}

[bob-dm:ws:sent] {"type":"get_unread_counts","server_id":"browser-server"}

[bob-dm:ws:sent] {"type":"list_channels","server_id":"browser-server"}

[bob-dm:ws:sent] {"type":"get_unread_counts","server_id":"browser-server"}

[bob-dm:ws:received] {"type":"direct_conversation_list","conversations":[{"id":"browser-dm","peer_id":"browser-alice","peer_username":"alice","last_message_at":"2026-09-06 08:02:46.950","unread_count":1}]}

[bob-dm:ws:sent] {"type":"sync","request_id":"4769c40b-e2e4-4106-9cd3-ee973d5d4243","protocol_version":2,"subscriptions":["browser-dm"],"limit":100}

[bob-dm:ws:received] {"type":"server_limits","max_message_length":4000,"max_file_size_mb":10}

[bob-dm:ws:received] {"type":"sync_snapshot","request_id":"d7e50f45-9e8e-4d67-9334-72532dfaafcb","snapshot":{"protocol_version":2,"operation_generation":"46dbf294fbbe4e3af2cd6ddd32e97a0d","cursor":"glzoFc6Ke962rHkSJs63Ym1C2Aa_yOIYUpHYbgbuBD5NACRNo7FWjpHg7-ziObud7HqQEJLagidRQ-wj3o64JsJSh6UmblVOCcOwsmyFR-clKiFzhB3LZRI0aJOq8FJkl_1VtmT6DySuOSB5-0S4YqqGw2FLCdpGSsb2ary4V3H8eiMsoC8YZAvUTWKifwi2yqEEGBdVakVlF9PCzSeAMHKrQqjM96UzFrwwZFhaJmbLzxJrL8xZgnYTcBgcsZzLkfJUvPfEnuqMlOSg_9gY0-jljYqDshC_tk-uymmqhDD21LIU7tzqaCuPQuyFJT81Kq6

[bob-dm:ws:received] {"type":"channel_list","server_id":"browser-server","channels":[{"id":"browser-general","conversation_id":"channel:62726F777365722D67656E6572616C","server_id":"browser-server","name":"#general","topic":"","member_count":0,"position":0,"is_private":false,"channel_type":"text","archived":false,"slowmode_seconds":0,"is_nsfw":false}]}

[bob-dm:ws:sent] {"type":"list_roles","server_id":"browser-server"}

[bob-dm:ws:sent] {"type":"list_categories","server_id":"browser-server"}

[bob-dm:ws:sent] {"type":"get_presences","server_id":"browser-server"}

[bob-dm:ws:sent] {"type":"get_notification_settings","server_id":"browser-server"}

[bob-dm:ws:sent] {"type":"sync","request_id":"b761cca8-dcc7-4ba1-b889-ff46513d96d7","protocol_version":2,"subscriptions":["browser-dm","channel:62726F777365722D67656E6572616C"],"limit":100}

[bob-dm:ws:received] {"type":"unread_counts","server_id":"browser-server","counts":[]}

[bob-dm:ws:received] {"type":"channel_list","server_id":"browser-server","channels":[{"id":"browser-general","conversation_id":"channel:62726F777365722D67656E6572616C","server_id":"browser-server","name":"#general","topic":"","member_count":0,"position":0,"is_private":false,"channel_type":"text","archived":false,"slowmode_seconds":0,"is_nsfw":false}]}

[bob-dm:ws:received] {"type":"unread_counts","server_id":"browser-server","counts":[]}

[bob-dm:ws:received] {"type":"sync_snapshot","request_id":"4769c40b-e2e4-4106-9cd3-ee973d5d4243","snapshot":{"protocol_version":2,"operation_generation":"46dbf294fbbe4e3af2cd6ddd32e97a0d","cursor":"oz0xurGV8x2Bvc3c-3KyRx8QYcoEz6xz6zaK5t4_bTHisuvOpz5NY3mjpbK_n4XPSjpweKcazsAfexH8RUlHQvcqNHleZiU0U_Yj64EK2is3PzH4ZVJ3dXosoSBzwnp3OtHMHZDT6xffYgNAT5VN6AILI4yzwcZhmViYMVVnoLtAotGOw3_W4rjku7ePoniYQczhJubdX1IeT84YyMziDyjvkULp-1exB1nLZ2M9yr2YfTdANUmjZOQic9eh8sd0n7-65N8Gpwk6DbyFLKS6qVIywdgL-ZXCyJoH6Gy8wPYAZh4v7yDtyJGa3-Oh-B2AUFJ

[bob-dm:ws:received] {"type":"role_list","server_id":"browser-server","version":0,"roles":[{"id":"e535a359-cb7f-4d6c-9451-32aef599c494","server_id":"browser-server","name":"Owner","position":3,"permissions":32636159,"is_default":false},{"id":"75f6531b-4433-4367-bf81-1fd76af041fb","server_id":"browser-server","name":"Admin","position":2,"permissions":130175,"is_default":false},{"id":"3d9d6cf1-a551-43ba-93a4-0b23f81edd22","server_id":"browser-server","name":"Moderator","position":1,"permissions":130097,"is_default":fa

[bob-dm:ws:received] {"type":"category_list","server_id":"browser-server","categories":[]}

[bob-dm:ws:received] {"type":"presence_list","server_id":"browser-server","presences":[{"user_id":"browser-alice","nickname":"alice","status":"online"},{"user_id":"browser-bob","nickname":"bob","status":"online"},{"user_id":"browser-helper-bot","nickname":"helper-bot","status":"offline"}]}

[bob-dm:ws:received] {"type":"notification_settings","server_id":"browser-server","settings":[]}

[bob-dm:ws:received] {"type":"sync_snapshot","request_id":"b761cca8-dcc7-4ba1-b889-ff46513d96d7","snapshot":{"protocol_version":2,"operation_generation":"46dbf294fbbe4e3af2cd6ddd32e97a0d","cursor":"kEhJeGpKpM4204cRqqRV3AYxeqcvy9Q6hXH73Ex0fhrICDlX_H7FGLLdAkvY6N4lCBh0qd4aspCoWaL9XNWB8e8Fp7rO-JeaDbYEgmLSvquvEIYMG3Ud4RbZ84hLjbpw8Xl47JLlXAEVXLO9ZIIuTNeR3BlO_bJ_EMEU7UoZ2FmlVhkSSxUGgmHXTnvXf06JTTVHyFEjqEOeraEIFdt-bO-8c4Zi4me2z6dT8B2U-ncW3iCwe_hcpLFsGQS57N2lKe9tXuH37ECPuAafO49oqXQaDvFptZiLdaxsCAd8tPaF2RuZ1bg-ocCRXbtGTvDLjux

[bob-dm:ws:sent] {"type":"mark_read","operation_generation":"46dbf294fbbe4e3af2cd6ddd32e97a0d","request_id":"d7ead3ac-2b7b-45a9-af73-cf4d237066ee","client_message_id":"d7ead3ac-2b7b-45a9-af73-cf4d237066ee","conversation_id":"browser-dm","channel":"","message_id":"bbb4dd7a-8eca-4ced-8f26-da58418d9da0"}

[bob-dm:ws:received] {"type":"command_committed","receipt":{"request_id":"d7ead3ac-2b7b-45a9-af73-cf4d237066ee","client_message_id":"d7ead3ac-2b7b-45a9-af73-cf4d237066ee","message_id":"bbb4dd7a-8eca-4ced-8f26-da58418d9da0","sequence":"2","entity_version":1,"persisted_at":"2026-09-06T08:02:47.451971518+00:00","replayed":false}}

[6/15] tests/authenticated/authenticated.spec.ts:338:1 › restart reconnects multiple tabs to durable history and credential revocation closes only its sessions
[7/15] tests/authenticated/authenticated.spec.ts:409:1 › IRC and browser share canonical channel delivery and reconnect history
tests/authenticated/authenticated.spec.ts:409:1 › IRC and browser share canonical channel delivery and reconnect history
[alice-irc:console:debug] [vite] connecting...

[alice-irc:ws:received] {"type":"connected"}

[alice-irc:console:debug] [vite] connected.

[alice-irc:console:info] %cDownload the React DevTools for a better development experience: https://react.dev/link/react-devtools font-weight:bold

[alice-irc:ws:sent] {"type":"list_servers"}

[alice-irc:ws:sent] {"type":"list_direct_conversations"}

[alice-irc:ws:sent] {"type":"get_server_limits"}

[alice-irc:ws:sent] {"type":"sync","request_id":"299729e6-2f88-403a-ad0e-f01f41b1f907","protocol_version":2,"subscriptions":[],"limit":100}

[alice-irc:ws:received] {"type":"own_presence","requested_status":"online","effective_status":"online","custom_status":null,"status_emoji":null}

[alice-irc:ws:received] {"type":"server_list","servers":[{"id":"browser-server","name":"Browser fixture","member_count":3,"role":"owner","my_permissions":32636159}]}

[alice-irc:ws:sent] {"type":"list_channels","server_id":"browser-server"}

[alice-irc:ws:sent] {"type":"get_unread_counts","server_id":"browser-server"}

[alice-irc:ws:sent] {"type":"list_channels","server_id":"browser-server"}

[alice-irc:ws:sent] {"type":"get_unread_counts","server_id":"browser-server"}

[alice-irc:ws:received] {"type":"direct_conversation_list","conversations":[{"id":"browser-dm","peer_id":"browser-bob","peer_username":"bob","last_message_at":"2026-09-06 08:02:46.950","unread_count":0}]}

[alice-irc:ws:sent] {"type":"sync","request_id":"b6574a05-5fde-48c7-91ec-9878d161c1a0","protocol_version":2,"subscriptions":["browser-dm"],"limit":100}

[alice-irc:ws:received] {"type":"server_limits","max_message_length":4000,"max_file_size_mb":10}

[alice-irc:ws:received] {"type":"sync_snapshot","request_id":"299729e6-2f88-403a-ad0e-f01f41b1f907","snapshot":{"protocol_version":2,"operation_generation":"46dbf294fbbe4e3af2cd6ddd32e97a0d","cursor":"ZaS64GVtIcz1NP3CiUF4OK_y6MRoqIuGZJr_h2vBkvt1jwpieO-iEqftyAZCBPa23BDof3dAcq5KO8Y8r1bbItV0qBQj7bgGXLfx85BYfOJ-CWhGZ6VUstLYQTFE10_m8PWvRakUaIlh0pxTE9xGCB8TAUddl5s7nc2kkgFnsaLjo7hWo0OI5wnnqUB4l1l4hvJqxkFeYmk3vUXwuh8SWZ1iB-iUgaDASlipO58lMhMfSWRFoTlrbHTzqNM7EFC385CzIkraT7JTaSrzL9izeg2tiASR0v-06p-5_hpFtbBpq3eea9ZOZNSQgszPfiGyU6g

[alice-irc:ws:received] {"type":"channel_list","server_id":"browser-server","channels":[{"id":"browser-general","conversation_id":"channel:62726F777365722D67656E6572616C","server_id":"browser-server","name":"#general","topic":"","member_count":0,"position":0,"is_private":false,"channel_type":"text","archived":false,"slowmode_seconds":0,"is_nsfw":false}]}

[alice-irc:ws:sent] {"type":"list_roles","server_id":"browser-server"}

[alice-irc:ws:sent] {"type":"list_categories","server_id":"browser-server"}

[alice-irc:ws:sent] {"type":"get_presences","server_id":"browser-server"}

[alice-irc:ws:sent] {"type":"get_notification_settings","server_id":"browser-server"}

[alice-irc:ws:sent] {"type":"sync","request_id":"11ccd530-e3c7-49dc-954c-7c5fa0f73312","protocol_version":2,"subscriptions":["browser-dm","channel:62726F777365722D67656E6572616C"],"limit":100}

[alice-irc:ws:received] {"type":"unread_counts","server_id":"browser-server","counts":[]}

[alice-irc:ws:received] {"type":"channel_list","server_id":"browser-server","channels":[{"id":"browser-general","conversation_id":"channel:62726F777365722D67656E6572616C","server_id":"browser-server","name":"#general","topic":"","member_count":0,"position":0,"is_private":false,"channel_type":"text","archived":false,"slowmode_seconds":0,"is_nsfw":false}]}

[alice-irc:ws:received] {"type":"unread_counts","server_id":"browser-server","counts":[]}

[alice-irc:ws:received] {"type":"sync_snapshot","request_id":"b6574a05-5fde-48c7-91ec-9878d161c1a0","snapshot":{"protocol_version":2,"operation_generation":"46dbf294fbbe4e3af2cd6ddd32e97a0d","cursor":"Kzr5JMNqMVN2s58cPLnLOiHSISATcSAdZ0uhT7yFi1C87P6VD3GQyr1NASqDyrZEHPjyvkXesLCX4NT_8Y1K5rehMK8IEcmgf4OQZVn1rnf3WOpMzGmW1u_P2DZ_lZwe_7NLfaACU7bR_uDBE09tfOrbAd47BReI0w2iCiua8LCpelKldaj9pQid4wApji_XYOjKdiQu3pWkpvDl_zv4JFPtEVbqtp-bxc-pO-2E4cZNA4RkHtFUoj-6SYkQ88Vf4On9BEfPppolIqeVNROaasunrSgwAuhcW_eCnnnE-zintaGKTM8E5GkmqxFfu0Qepqt

[alice-irc:ws:received] {"type":"role_list","server_id":"browser-server","version":0,"roles":[{"id":"e535a359-cb7f-4d6c-9451-32aef599c494","server_id":"browser-server","name":"Owner","position":3,"permissions":32636159,"is_default":false},{"id":"75f6531b-4433-4367-bf81-1fd76af041fb","server_id":"browser-server","name":"Admin","position":2,"permissions":130175,"is_default":false},{"id":"3d9d6cf1-a551-43ba-93a4-0b23f81edd22","server_id":"browser-server","name":"Moderator","position":1,"permissions":130097,"is_default":fa

[alice-irc:ws:received] {"type":"category_list","server_id":"browser-server","categories":[]}

[alice-irc:ws:received] {"type":"presence_list","server_id":"browser-server","presences":[{"user_id":"browser-alice","nickname":"alice","status":"online"},{"user_id":"browser-bob","nickname":"bob","status":"offline"},{"user_id":"browser-helper-bot","nickname":"helper-bot","status":"offline"}]}

[alice-irc:ws:received] {"type":"notification_settings","server_id":"browser-server","settings":[]}

[alice-irc:ws:received] {"type":"sync_snapshot","request_id":"11ccd530-e3c7-49dc-954c-7c5fa0f73312","snapshot":{"protocol_version":2,"operation_generation":"46dbf294fbbe4e3af2cd6ddd32e97a0d","cursor":"MdGLJwSyFW0tw8N2K-Yl4qSiGZuxq5D7QjNXVccIJzJt7XfIHTdKzTjLiJONXJLAy-Sz7SP_Xd2BHMXqGeU8tUwUaU6lpeNeKLgqbxp6W35UXKsTNnIxuCLTI5AQl4nDsonCXU8hfBRFlGHmX_EZOvWIEFovWgP0tHAaOQ3nwc7qAUbQsU7RdDDA34UIEHJ_V5aXjTLWaCD8hgRCqHxPCZX2RfS4Uug33sTNCadaAwyst0eyXTbovHKh2rY_W36It_0Ny8Sx7Mqm_b976W4_YSce0GwPi0C2yesIUHwv5aLINFPxavPPPRbWZmdzpd-LrL8

[alice-irc:ws:sent] {"type":"list_channels","server_id":"browser-server"}

[alice-irc:ws:received] {"type":"channel_list","server_id":"browser-server","channels":[{"id":"browser-general","conversation_id":"channel:62726F777365722D67656E6572616C","server_id":"browser-server","name":"#general","topic":"","member_count":0,"position":0,"is_private":false,"channel_type":"text","archived":false,"slowmode_seconds":0,"is_nsfw":false}]}

[alice-irc:ws:sent] {"type":"join_channel","server_id":"browser-server","channel":"#general"}

[alice-irc:ws:sent] {"type":"get_members","server_id":"browser-server","channel":"#general"}

[alice-irc:ws:sent] {"type":"fetch_history","server_id":"browser-server","channel":"#general","limit":50}

[alice-irc:ws:sent] {"type":"list_threads","server_id":"browser-server","channel":"#general"}

[alice-irc:ws:sent] {"type":"list_forum_tags","server_id":"browser-server","channel":"#general"}

[alice-irc:ws:sent] {"type":"mark_read","operation_generation":"46dbf294fbbe4e3af2cd6ddd32e97a0d","request_id":"6b7ab1dc-760f-4a6b-9121-5da6bf4e1f4e","client_message_id":"6b7ab1dc-760f-4a6b-9121-5da6bf4e1f4e","server_id":"browser-server","channel":"#general","message_id":"cd578114-dbd0-4969-8662-2c3b9e7f408c"}

[alice-irc:ws:sent] {"type":"list_slash_commands","server_id":"browser-server"}

[alice-irc:ws:sent] {"type":"list_channels","server_id":"browser-server"}

[alice-irc:ws:sent] {"type":"get_unread_counts","server_id":"browser-server"}

[alice-irc:ws:sent] {"type":"join_channel","server_id":"browser-server","channel":"#general"}

[alice-irc:ws:sent] {"type":"get_members","server_id":"browser-server","channel":"#general"}

[alice-irc:ws:sent] {"type":"fetch_history","server_id":"browser-server","channel":"#general","limit":50}

[alice-irc:ws:sent] {"type":"list_threads","server_id":"browser-server","channel":"#general"}

[alice-irc:ws:sent] {"type":"list_forum_tags","server_id":"browser-server","channel":"#general"}

[alice-irc:ws:sent] {"type":"list_slash_commands","server_id":"browser-server"}

[alice-irc:ws:received] {"type":"join","nickname":"alice","server_id":"browser-server","channel":"#general","user_id":"browser-alice","role_ids":["e535a359-cb7f-4d6c-9451-32aef599c494"]}

[alice-irc:console:error] Failed to load resource: the server responded with a status of 404 (Not Found)

[alice-irc:ws:received] {"type":"names","server_id":"browser-server","channel":"#general","members":[{"nickname":"alice","user_id":"browser-alice","role_ids":["e535a359-cb7f-4d6c-9451-32aef599c494"]}]}

[alice-irc:ws:received] {"type":"names","server_id":"browser-server","channel":"#general","members":[{"nickname":"alice","user_id":"browser-alice","role_ids":["e535a359-cb7f-4d6c-9451-32aef599c494"]}]}

[alice-irc:ws:received] {"type":"history","server_id":"browser-server","channel":"#general","messages":[{"id":"cd578114-dbd0-4969-8662-2c3b9e7f408c","from":"alice","content":"durable across an actual server restart","timestamp":"2026-09-06T08:02:48.218Z"},{"id":"05dbfc07-2ee4-4efa-a933-030ceba2a8cb","from":"helper-bot","content":"Public controls","timestamp":"2026-09-06T08:02:43.678Z","components":[{"type":"action_row","components":[{"type":"button","custom_id":"continue","label":"Continue","style":"primary","disabled"

[alice-irc:ws:received] {"type":"thread_list","server_id":"browser-server","channel":"#general","threads":[]}

[alice-irc:ws:received] {"type":"error","code":"INVALID_INPUT","message":"forum tags require a forum channel"}

[alice-irc:console:error] Server error [INVALID_INPUT]: forum tags require a forum channel

[alice-irc:ws:received] {"type":"command_committed","receipt":{"request_id":"6b7ab1dc-760f-4a6b-9121-5da6bf4e1f4e","client_message_id":"6b7ab1dc-760f-4a6b-9121-5da6bf4e1f4e","message_id":"cd578114-dbd0-4969-8662-2c3b9e7f408c","sequence":"2","entity_version":2,"persisted_at":"2026-09-06T08:02:50.535003424+00:00","replayed":false}}

[alice-irc:ws:received] {"type":"slash_command_list","server_id":"browser-server","commands":[{"id":"browser-command","bot_user_id":"browser-helper-bot","name":"journey","description":"Exercise bot interactions","options":[]}]}

[alice-irc:ws:received] {"type":"channel_list","server_id":"browser-server","channels":[{"id":"browser-general","conversation_id":"channel:62726F777365722D67656E6572616C","server_id":"browser-server","name":"#general","topic":"","member_count":1,"position":0,"is_private":false,"channel_type":"text","archived":false,"slowmode_seconds":0,"is_nsfw":false}]}

[alice-irc:ws:received] {"type":"unread_counts","server_id":"browser-server","counts":[]}

[alice-irc:ws:received] {"type":"join","nickname":"alice","server_id":"browser-server","channel":"#general","user_id":"browser-alice","role_ids":["e535a359-cb7f-4d6c-9451-32aef599c494"]}

[alice-irc:ws:received] {"type":"names","server_id":"browser-server","channel":"#general","members":[{"nickname":"alice","user_id":"browser-alice","role_ids":["e535a359-cb7f-4d6c-9451-32aef599c494"]}]}

[alice-irc:ws:received] {"type":"names","server_id":"browser-server","channel":"#general","members":[{"nickname":"alice","user_id":"browser-alice","role_ids":["e535a359-cb7f-4d6c-9451-32aef599c494"]}]}

[alice-irc:ws:received] {"type":"history","server_id":"browser-server","channel":"#general","messages":[{"id":"cd578114-dbd0-4969-8662-2c3b9e7f408c","from":"alice","content":"durable across an actual server restart","timestamp":"2026-09-06T08:02:48.218Z"},{"id":"05dbfc07-2ee4-4efa-a933-030ceba2a8cb","from":"helper-bot","content":"Public controls","timestamp":"2026-09-06T08:02:43.678Z","components":[{"type":"action_row","components":[{"type":"button","custom_id":"continue","label":"Continue","style":"primary","disabled"

[alice-irc:ws:received] {"type":"thread_list","server_id":"browser-server","channel":"#general","threads":[]}

[alice-irc:ws:received] {"type":"error","code":"INVALID_INPUT","message":"forum tags require a forum channel"}

[alice-irc:console:error] Server error [INVALID_INPUT]: forum tags require a forum channel

[alice-irc:ws:received] {"type":"slash_command_list","server_id":"browser-server","commands":[{"id":"browser-command","bot_user_id":"browser-helper-bot","name":"journey","description":"Exercise bot interactions","options":[]}]}

[alice-irc:ws:received] {"type":"join","nickname":"u-d72fc956b683264273716f30b05431","server_id":"browser-server","channel":"#general","user_id":"browser-bob"}

[alice-irc:ws:received] {"type":"message","id":"d4f7e033-cd89-4abe-9633-eb902f935c98","server_id":"browser-server","from":"bob","target":"#general","content":"message from a real IRC stream","timestamp":"2026-09-06T08:02:50.855Z"}

[alice-irc:ws:received] {"type":"durable_event","event":{"kind":"message_created","conversation_id":"channel:62726F777365722D67656E6572616C","entity_type":"message","entity_id":"d4f7e033-cd89-4abe-9633-eb902f935c98","entity_version":1,"message":{"message_id":"d4f7e033-cd89-4abe-9633-eb902f935c98","conversation_id":"channel:62726F777365722D67656E6572616C","sequence":"3","entity_version":1,"sender_id":"browser-bob","sender_nick":"bob","content":"message from a real IRC stream","content_format":"plain","created_at":"2026-

[alice-irc:ws:sent] {"type":"mark_read","operation_generation":"46dbf294fbbe4e3af2cd6ddd32e97a0d","request_id":"ca90afa1-611b-41bd-ac7b-27ab77d8c685","client_message_id":"ca90afa1-611b-41bd-ac7b-27ab77d8c685","server_id":"browser-server","channel":"#general","message_id":"d4f7e033-cd89-4abe-9633-eb902f935c98"}

[alice-irc:ws:received] {"type":"command_committed","receipt":{"request_id":"ca90afa1-611b-41bd-ac7b-27ab77d8c685","client_message_id":"ca90afa1-611b-41bd-ac7b-27ab77d8c685","message_id":"d4f7e033-cd89-4abe-9633-eb902f935c98","sequence":"3","entity_version":3,"persisted_at":"2026-09-06T08:02:51.055741685+00:00","replayed":false}}

[alice-irc:ws:sent] {"type":"typing","server_id":"browser-server","channel":"#general"}

[alice-irc:ws:sent] {"type":"send_message","operation_generation":"46dbf294fbbe4e3af2cd6ddd32e97a0d","request_id":"519b059d-9f0c-46e4-b2d6-270be7938240","client_message_id":"519b059d-9f0c-46e4-b2d6-270be7938240","server_id":"browser-server","channel":"#general","content":"browser response to IRC","nonce":"519b059d-9f0c-46e4-b2d6-270be7938240"}

[alice-irc:ws:received] {"type":"message_ack","id":"80630023-3f04-4780-bb1b-9384d194ae3c","server_id":"browser-server","channel":"#general","request_id":"519b059d-9f0c-46e4-b2d6-270be7938240","client_message_id":"519b059d-9f0c-46e4-b2d6-270be7938240","sequence":"4","persisted_at":"2026-09-06 08:02:51.154","replayed":false,"nonce":"519b059d-9f0c-46e4-b2d6-270be7938240"}

[alice-irc:ws:received] {"type":"message","id":"80630023-3f04-4780-bb1b-9384d194ae3c","server_id":"browser-server","from":"alice","target":"#general","content":"browser response to IRC","timestamp":"2026-09-06T08:02:51.154Z"}

[alice-irc:ws:received] {"type":"quit","nickname":"u-d72fc956b683264273716f30b05431","reason":null}

[alice-irc:ws:received] {"type":"presence_update","server_id":"browser-server","presence":{"user_id":"browser-bob","nickname":"u-d72fc956b683264273716f30b05431","status":"offline"}}

[8/15] tests/authenticated/authenticated.spec.ts:446:1 › channel commit fans out and survives a real browser reconnect
tests/authenticated/authenticated.spec.ts:446:1 › channel commit fans out and survives a real browser reconnect
[alice-channel:console:debug] [vite] connecting...

[bob-channel:console:debug] [vite] connecting...

[alice-channel:ws:received] {"type":"connected"}

[alice-channel:console:debug] [vite] connected.

[bob-channel:ws:received] {"type":"connected"}

[bob-channel:console:debug] [vite] connected.

[alice-channel:console:info] %cDownload the React DevTools for a better development experience: https://react.dev/link/react-devtools font-weight:bold

[bob-channel:console:info] %cDownload the React DevTools for a better development experience: https://react.dev/link/react-devtools font-weight:bold

[alice-channel:ws:sent] {"type":"list_servers"}

[alice-channel:ws:sent] {"type":"list_direct_conversations"}

[alice-channel:ws:sent] {"type":"get_server_limits"}

[alice-channel:ws:sent] {"type":"sync","request_id":"04f3cb51-b10a-455f-b756-84df8dc18b9e","protocol_version":2,"subscriptions":[],"limit":100}

[bob-channel:ws:sent] {"type":"list_servers"}

[bob-channel:ws:sent] {"type":"list_direct_conversations"}

[bob-channel:ws:sent] {"type":"get_server_limits"}

[bob-channel:ws:sent] {"type":"sync","request_id":"4f3268a8-2017-43e3-8265-efefd15ba395","protocol_version":2,"subscriptions":[],"limit":100}

[alice-channel:ws:received] {"type":"own_presence","requested_status":"online","effective_status":"online","custom_status":null,"status_emoji":null}

[bob-channel:ws:received] {"type":"own_presence","requested_status":"online","effective_status":"online","custom_status":null,"status_emoji":null}

[alice-channel:ws:received] {"type":"server_list","servers":[{"id":"browser-server","name":"Browser fixture","member_count":3,"role":"owner","my_permissions":32636159}]}

[alice-channel:ws:sent] {"type":"list_channels","server_id":"browser-server"}

[alice-channel:ws:sent] {"type":"get_unread_counts","server_id":"browser-server"}

[alice-channel:ws:sent] {"type":"list_channels","server_id":"browser-server"}

[alice-channel:ws:sent] {"type":"get_unread_counts","server_id":"browser-server"}

[alice-channel:ws:received] {"type":"direct_conversation_list","conversations":[{"id":"browser-dm","peer_id":"browser-bob","peer_username":"bob","last_message_at":"2026-09-06 08:02:46.950","unread_count":0}]}

[alice-channel:ws:sent] {"type":"sync","request_id":"f1789f4b-576c-405a-8e81-a5f11722a63f","protocol_version":2,"subscriptions":["browser-dm"],"limit":100}

[alice-channel:ws:received] {"type":"server_limits","max_message_length":4000,"max_file_size_mb":10}

[alice-channel:ws:received] {"type":"sync_snapshot","request_id":"04f3cb51-b10a-455f-b756-84df8dc18b9e","snapshot":{"protocol_version":2,"operation_generation":"46dbf294fbbe4e3af2cd6ddd32e97a0d","cursor":"xe6xyrBV64s2MAsD3KlMRzvLgKJacqIJ3xuR6MaXcRK-URZ1eCQIikXML1lCjYdDoziiEjsHKq2lwAPSfEvjOsmAbb9o0HfgjJqz0nTAuEs5RDQK_jfhi7AptTfEq39EHOpr6yVYClAHGQHvrOac9tkz-Ivky79aR3TPrDdFuphIz5_eHm3Nae5gBaF-_1ZuITgWQbP4HkShPNe0S7x_rTXGKUVC8reeK9FtgAsYAsSlcPfC4jujpSZtGbqrbkQgzWiUsJFS0dRCpK0XPX8vclJKNMwGcTX2YBgn0SvoL-2jEX3NbCOcIpZtiHKl3JHWWjz

[bob-channel:ws:received] {"type":"server_list","servers":[{"id":"browser-server","name":"Browser fixture","member_count":3,"role":"member","my_permissions":80913}]}

[bob-channel:ws:sent] {"type":"list_channels","server_id":"browser-server"}

[bob-channel:ws:sent] {"type":"get_unread_counts","server_id":"browser-server"}

[bob-channel:ws:sent] {"type":"list_channels","server_id":"browser-server"}

[bob-channel:ws:sent] {"type":"get_unread_counts","server_id":"browser-server"}

[bob-channel:ws:received] {"type":"direct_conversation_list","conversations":[{"id":"browser-dm","peer_id":"browser-alice","peer_username":"alice","last_message_at":"2026-09-06 08:02:46.950","unread_count":0}]}

[bob-channel:ws:sent] {"type":"sync","request_id":"1252d1e5-f276-45e2-9ea6-a0b8d4757bfe","protocol_version":2,"subscriptions":["browser-dm"],"limit":100}

[bob-channel:ws:received] {"type":"server_limits","max_message_length":4000,"max_file_size_mb":10}

[alice-channel:ws:received] {"type":"channel_list","server_id":"browser-server","channels":[{"id":"browser-general","conversation_id":"channel:62726F777365722D67656E6572616C","server_id":"browser-server","name":"#general","topic":"","member_count":0,"position":0,"is_private":false,"channel_type":"text","archived":false,"slowmode_seconds":0,"is_nsfw":false}]}

[alice-channel:ws:sent] {"type":"list_roles","server_id":"browser-server"}

[alice-channel:ws:sent] {"type":"list_categories","server_id":"browser-server"}

[alice-channel:ws:sent] {"type":"get_presences","server_id":"browser-server"}

[alice-channel:ws:sent] {"type":"get_notification_settings","server_id":"browser-server"}

[alice-channel:ws:sent] {"type":"sync","request_id":"d6c2c9f1-2a84-47cb-bf9f-2f8bad08068d","protocol_version":2,"subscriptions":["browser-dm","channel:62726F777365722D67656E6572616C"],"limit":100}

[bob-channel:ws:received] {"type":"sync_snapshot","request_id":"4f3268a8-2017-43e3-8265-efefd15ba395","snapshot":{"protocol_version":2,"operation_generation":"46dbf294fbbe4e3af2cd6ddd32e97a0d","cursor":"cCDmDSizdHsN5U1g-f8boqMi212NwFfRmt6D0RBFary21mHHNXFgf6WEbnpR3kt9WwKK3_luqG6jKGFA-X1I4B2vp60IRkh1fNKtYcbfRvdOqSM1lYwqLiPNyDp-zjexs4saAuaCsru6lU4NJFwqrnb2vAWCSKPhXQrEnI2uuYEHliARvexUvY3Ml0Mb51-FcjFN_EBDsyzxTMuY9R6VwVVaE22AxwmEDOLMGa7b4FCU0RnpEQFdTQAFvzCavDoiZkScA3qnFxdr0CGIzDDqo5Cg_mxg0D5Ch9T3UXqPJdZH2Y8FEK-_YjS7uVmrRbq--Wd

[alice-channel:ws:received] {"type":"unread_counts","server_id":"browser-server","counts":[{"channel_name":"#general","count":1}]}

[bob-channel:ws:received] {"type":"channel_list","server_id":"browser-server","channels":[{"id":"browser-general","conversation_id":"channel:62726F777365722D67656E6572616C","server_id":"browser-server","name":"#general","topic":"","member_count":0,"position":0,"is_private":false,"channel_type":"text","archived":false,"slowmode_seconds":0,"is_nsfw":false}]}

[bob-channel:ws:sent] {"type":"list_roles","server_id":"browser-server"}

[bob-channel:ws:sent] {"type":"list_categories","server_id":"browser-server"}

[bob-channel:ws:sent] {"type":"get_presences","server_id":"browser-server"}

[bob-channel:ws:sent] {"type":"get_notification_settings","server_id":"browser-server"}

[bob-channel:ws:sent] {"type":"sync","request_id":"f48c1b56-5626-42fb-a605-50c429e9ee8e","protocol_version":2,"subscriptions":["browser-dm","channel:62726F777365722D67656E6572616C"],"limit":100}

[bob-channel:ws:received] {"type":"unread_counts","server_id":"browser-server","counts":[{"channel_name":"#general","count":2}]}

[bob-channel:ws:received] {"type":"channel_list","server_id":"browser-server","channels":[{"id":"browser-general","conversation_id":"channel:62726F777365722D67656E6572616C","server_id":"browser-server","name":"#general","topic":"","member_count":0,"position":0,"is_private":false,"channel_type":"text","archived":false,"slowmode_seconds":0,"is_nsfw":false}]}

[alice-channel:ws:received] {"type":"channel_list","server_id":"browser-server","channels":[{"id":"browser-general","conversation_id":"channel:62726F777365722D67656E6572616C","server_id":"browser-server","name":"#general","topic":"","member_count":0,"position":0,"is_private":false,"channel_type":"text","archived":false,"slowmode_seconds":0,"is_nsfw":false}]}

[alice-channel:ws:received] {"type":"unread_counts","server_id":"browser-server","counts":[{"channel_name":"#general","count":1}]}

[alice-channel:ws:received] {"type":"sync_snapshot","request_id":"f1789f4b-576c-405a-8e81-a5f11722a63f","snapshot":{"protocol_version":2,"operation_generation":"46dbf294fbbe4e3af2cd6ddd32e97a0d","cursor":"EU7M8NnTFMhwTlWW6gCfBJHmnFVJC4TK4GbjQQgLrhIM9zO1Cw_zkh6r5-mPkAUUzNYudnBghkG1wph5lR7qORFNZgwFxXDnhD42TFwPeLf4PFqiSB0dU_ydJHTbJZVBYOIJReE6IL7IcfKnnAfE78SORNRGvrrcgQxN3PsvPuEun_k8JbwZLepmPga3gQlv-W74Eqh090TIyA_NyF1BceOW616VLR_y0LzaPXkgRDf-hYxWZWjEY59dbrxLwcLqek9jFFoS2GcepQWOhbaubsqSwAlL195vH5TZ0DtEeSGHveVElD4AUi1i7zCNno_oj5U

[alice-channel:ws:received] {"type":"role_list","server_id":"browser-server","version":0,"roles":[{"id":"e535a359-cb7f-4d6c-9451-32aef599c494","server_id":"browser-server","name":"Owner","position":3,"permissions":32636159,"is_default":false},{"id":"75f6531b-4433-4367-bf81-1fd76af041fb","server_id":"browser-server","name":"Admin","position":2,"permissions":130175,"is_default":false},{"id":"3d9d6cf1-a551-43ba-93a4-0b23f81edd22","server_id":"browser-server","name":"Moderator","position":1,"permissions":130097,"is_default":fa

[bob-channel:ws:received] {"type":"unread_counts","server_id":"browser-server","counts":[{"channel_name":"#general","count":2}]}

[alice-channel:ws:received] {"type":"category_list","server_id":"browser-server","categories":[]}

[alice-channel:ws:received] {"type":"presence_list","server_id":"browser-server","presences":[{"user_id":"browser-alice","nickname":"alice","status":"online"},{"user_id":"browser-bob","nickname":"bob","status":"online"},{"user_id":"browser-helper-bot","nickname":"helper-bot","status":"offline"}]}

[alice-channel:ws:received] {"type":"notification_settings","server_id":"browser-server","settings":[]}

[bob-channel:ws:received] {"type":"sync_snapshot","request_id":"1252d1e5-f276-45e2-9ea6-a0b8d4757bfe","snapshot":{"protocol_version":2,"operation_generation":"46dbf294fbbe4e3af2cd6ddd32e97a0d","cursor":"a-OQYjDbT-k-CQ14KyiI1QLavzhZpBPpapwZq3uOhZHu_bq0D1lAOOSIlyzknPmfc5LaOPjDzSUJXllov3NIP9V7exi0lqyWxIiej7wTRoN3jEaXimfBBvm00WCys0bpAAW2c_XI-ahtofKG-lqvHbNjKyP5D7Pydcwt5iv49r8MX3pOfSQCvAwIq653Yg12X3erXeg4IimY2qRhE7qUVqVskFx82_sqXSgBF40aT3PMt-g-jERKTqFd0Vyh--oMmk_qg2q-u865ZRNsy5rEi17UwVIXLoj7tnM6FZL1lJ3WAVTlDxfRf76qZnV0k8s_8JW

[bob-channel:ws:received] {"type":"role_list","server_id":"browser-server","version":0,"roles":[{"id":"e535a359-cb7f-4d6c-9451-32aef599c494","server_id":"browser-server","name":"Owner","position":3,"permissions":32636159,"is_default":false},{"id":"75f6531b-4433-4367-bf81-1fd76af041fb","server_id":"browser-server","name":"Admin","position":2,"permissions":130175,"is_default":false},{"id":"3d9d6cf1-a551-43ba-93a4-0b23f81edd22","server_id":"browser-server","name":"Moderator","position":1,"permissions":130097,"is_default":fa

[alice-channel:ws:received] {"type":"sync_snapshot","request_id":"d6c2c9f1-2a84-47cb-bf9f-2f8bad08068d","snapshot":{"protocol_version":2,"operation_generation":"46dbf294fbbe4e3af2cd6ddd32e97a0d","cursor":"09bfjZsYQyW8AhpBY-Y_HTkxRMhDqcaSoS_bjUMIwVJ9V-5ideeJ9n-OlN12wGc-qNZAVEXqkCtjvNfmcsDt0UDLVK6OD0ZOzJwsdMitHR9ZvsX7pE0ivRe-7h3g3OndJt9SWrhMwG1PYocxLruNf04aGKo84hHfrUzmSnYHImzPykCaylFXLqxT1I5-dhBRmKNxFPplTh10ofys7wa5ftZbn0XK6_RfClW1uMEK8r8ji60pkVef7sF1M23Abi2XWkkkZdtREVAuVXtKuLt4gi4qBs6N_uSGui7W-86xizF0G7jLcZy0gX6us4Mz2ePiuvk

[bob-channel:ws:received] {"type":"category_list","server_id":"browser-server","categories":[]}

[bob-channel:ws:received] {"type":"presence_list","server_id":"browser-server","presences":[{"user_id":"browser-alice","nickname":"alice","status":"online"},{"user_id":"browser-bob","nickname":"bob","status":"online"},{"user_id":"browser-helper-bot","nickname":"helper-bot","status":"offline"}]}

[bob-channel:ws:received] {"type":"notification_settings","server_id":"browser-server","settings":[]}

[bob-channel:ws:received] {"type":"sync_snapshot","request_id":"f48c1b56-5626-42fb-a605-50c429e9ee8e","snapshot":{"protocol_version":2,"operation_generation":"46dbf294fbbe4e3af2cd6ddd32e97a0d","cursor":"mQJSsTxJMYrnmBkrLC0mJPrI_sNGR9xXlqUno5GUuPaCUfPXFENypq6ZCkJPC5RQegaVNDWz8TwwZ148G3d0VVIvY7YLSm5Y7U4K2imiRO8dkrikA9xynqrQLtxhut3HyuovGy6drYo1A4vHk_ZBvYLzGOo7simBV2X_KVwlr7O92uHzQ1x3qWDU7xcbUXRlIYRDuKtau96vExid8B4WuclLXtJAv4ftLb3wJRea9B3DgRReX-1W5xE65vkx0V5SbRTsajt3YumgOWtafBGB98xt0BIUiuGCl8U0MHSscyVk6ZISOlxMiJu3Xo_XG4cyNwI

[bob-channel:ws:sent] {"type":"list_channels","server_id":"browser-server"}

[alice-channel:ws:sent] {"type":"list_channels","server_id":"browser-server"}

[bob-channel:ws:received] {"type":"channel_list","server_id":"browser-server","channels":[{"id":"browser-general","conversation_id":"channel:62726F777365722D67656E6572616C","server_id":"browser-server","name":"#general","topic":"","member_count":0,"position":0,"is_private":false,"channel_type":"text","archived":false,"slowmode_seconds":0,"is_nsfw":false}]}

[bob-channel:ws:sent] {"type":"join_channel","server_id":"browser-server","channel":"#general"}

[bob-channel:ws:sent] {"type":"get_members","server_id":"browser-server","channel":"#general"}

[bob-channel:ws:sent] {"type":"fetch_history","server_id":"browser-server","channel":"#general","limit":50}

[bob-channel:ws:sent] {"type":"list_threads","server_id":"browser-server","channel":"#general"}

[bob-channel:ws:sent] {"type":"list_forum_tags","server_id":"browser-server","channel":"#general"}

[bob-channel:ws:sent] {"type":"mark_read","operation_generation":"46dbf294fbbe4e3af2cd6ddd32e97a0d","request_id":"0f0e4e7e-4c2a-4818-9c62-d7fdfe5f91c8","client_message_id":"0f0e4e7e-4c2a-4818-9c62-d7fdfe5f91c8","server_id":"browser-server","channel":"#general","message_id":"80630023-3f04-4780-bb1b-9384d194ae3c"}

[bob-channel:ws:sent] {"type":"list_slash_commands","server_id":"browser-server"}

[bob-channel:ws:sent] {"type":"list_channels","server_id":"browser-server"}

[bob-channel:ws:sent] {"type":"get_unread_counts","server_id":"browser-server"}

[bob-channel:ws:sent] {"type":"join_channel","server_id":"browser-server","channel":"#general"}

[bob-channel:ws:sent] {"type":"get_members","server_id":"browser-server","channel":"#general"}

[bob-channel:ws:sent] {"type":"fetch_history","server_id":"browser-server","channel":"#general","limit":50}

[bob-channel:ws:sent] {"type":"list_threads","server_id":"browser-server","channel":"#general"}

[bob-channel:ws:sent] {"type":"list_forum_tags","server_id":"browser-server","channel":"#general"}

[bob-channel:ws:sent] {"type":"list_slash_commands","server_id":"browser-server"}

[alice-channel:ws:received] {"type":"channel_list","server_id":"browser-server","channels":[{"id":"browser-general","conversation_id":"channel:62726F777365722D67656E6572616C","server_id":"browser-server","name":"#general","topic":"","member_count":0,"position":0,"is_private":false,"channel_type":"text","archived":false,"slowmode_seconds":0,"is_nsfw":false}]}

[alice-channel:ws:sent] {"type":"join_channel","server_id":"browser-server","channel":"#general"}

[alice-channel:ws:sent] {"type":"get_members","server_id":"browser-server","channel":"#general"}

[alice-channel:ws:sent] {"type":"fetch_history","server_id":"browser-server","channel":"#general","limit":50}

[alice-channel:ws:sent] {"type":"list_threads","server_id":"browser-server","channel":"#general"}

[alice-channel:ws:sent] {"type":"list_forum_tags","server_id":"browser-server","channel":"#general"}

[alice-channel:ws:sent] {"type":"mark_read","operation_generation":"46dbf294fbbe4e3af2cd6ddd32e97a0d","request_id":"e1f1e953-68f8-4d7e-9d66-d18b957accdc","client_message_id":"e1f1e953-68f8-4d7e-9d66-d18b957accdc","server_id":"browser-server","channel":"#general","message_id":"80630023-3f04-4780-bb1b-9384d194ae3c"}

[alice-channel:ws:sent] {"type":"list_slash_commands","server_id":"browser-server"}

[alice-channel:ws:sent] {"type":"list_channels","server_id":"browser-server"}

[alice-channel:ws:sent] {"type":"get_unread_counts","server_id":"browser-server"}

[alice-channel:ws:sent] {"type":"join_channel","server_id":"browser-server","channel":"#general"}

[alice-channel:ws:sent] {"type":"get_members","server_id":"browser-server","channel":"#general"}

[alice-channel:ws:sent] {"type":"fetch_history","server_id":"browser-server","channel":"#general","limit":50}

[alice-channel:ws:sent] {"type":"list_threads","server_id":"browser-server","channel":"#general"}

[alice-channel:ws:sent] {"type":"list_forum_tags","server_id":"browser-server","channel":"#general"}

[alice-channel:ws:sent] {"type":"list_slash_commands","server_id":"browser-server"}

[bob-channel:ws:received] {"type":"join","nickname":"bob","server_id":"browser-server","channel":"#general","user_id":"browser-bob"}

[bob-channel:console:error] Failed to load resource: the server responded with a status of 404 (Not Found)

[bob-channel:ws:received] {"type":"names","server_id":"browser-server","channel":"#general","members":[{"nickname":"bob","user_id":"browser-bob","role_ids":[]}]}

[bob-channel:ws:received] {"type":"names","server_id":"browser-server","channel":"#general","members":[{"nickname":"bob","user_id":"browser-bob","role_ids":[]}]}

[bob-channel:ws:received] {"type":"history","server_id":"browser-server","channel":"#general","messages":[{"id":"80630023-3f04-4780-bb1b-9384d194ae3c","from":"alice","content":"browser response to IRC","timestamp":"2026-09-06T08:02:51.154Z"},{"id":"d4f7e033-cd89-4abe-9633-eb902f935c98","from":"bob","content":"message from a real IRC stream","timestamp":"2026-09-06T08:02:50.855Z"},{"id":"cd578114-dbd0-4969-8662-2c3b9e7f408c","from":"alice","content":"durable across an actual server restart","timestamp":"2026-09-06T08:02:4

[bob-channel:ws:received] {"type":"thread_list","server_id":"browser-server","channel":"#general","threads":[]}

[bob-channel:ws:received] {"type":"error","code":"INVALID_INPUT","message":"forum tags require a forum channel"}

[bob-channel:console:error] Server error [INVALID_INPUT]: forum tags require a forum channel

[alice-channel:ws:received] {"type":"join","nickname":"alice","server_id":"browser-server","channel":"#general","user_id":"browser-alice","role_ids":["e535a359-cb7f-4d6c-9451-32aef599c494"]}

[alice-channel:console:error] Failed to load resource: the server responded with a status of 404 (Not Found)

[alice-channel:ws:received] {"type":"names","server_id":"browser-server","channel":"#general","members":[{"nickname":"alice","user_id":"browser-alice","role_ids":["e535a359-cb7f-4d6c-9451-32aef599c494"]},{"nickname":"bob","user_id":"browser-bob","role_ids":[]}]}

[bob-channel:ws:received] {"type":"command_committed","receipt":{"request_id":"0f0e4e7e-4c2a-4818-9c62-d7fdfe5f91c8","client_message_id":"0f0e4e7e-4c2a-4818-9c62-d7fdfe5f91c8","message_id":"80630023-3f04-4780-bb1b-9384d194ae3c","sequence":"4","entity_version":3,"persisted_at":"2026-09-06T08:02:51.984152058+00:00","replayed":false}}

[alice-channel:ws:received] {"type":"names","server_id":"browser-server","channel":"#general","members":[{"nickname":"alice","user_id":"browser-alice","role_ids":["e535a359-cb7f-4d6c-9451-32aef599c494"]},{"nickname":"bob","user_id":"browser-bob","role_ids":[]}]}

[bob-channel:ws:received] {"type":"channel_list","server_id":"browser-server","channels":[{"id":"browser-general","conversation_id":"channel:62726F777365722D67656E6572616C","server_id":"browser-server","name":"#general","topic":"","member_count":1,"position":0,"is_private":false,"channel_type":"text","archived":false,"slowmode_seconds":0,"is_nsfw":false}]}

[bob-channel:ws:received] {"type":"unread_counts","server_id":"browser-server","counts":[]}

[bob-channel:ws:received] {"type":"join","nickname":"bob","server_id":"browser-server","channel":"#general","user_id":"browser-bob"}

[bob-channel:ws:received] {"type":"names","server_id":"browser-server","channel":"#general","members":[{"nickname":"bob","user_id":"browser-bob","role_ids":[]}]}

[alice-channel:ws:received] {"type":"history","server_id":"browser-server","channel":"#general","messages":[{"id":"80630023-3f04-4780-bb1b-9384d194ae3c","from":"alice","content":"browser response to IRC","timestamp":"2026-09-06T08:02:51.154Z"},{"id":"d4f7e033-cd89-4abe-9633-eb902f935c98","from":"bob","content":"message from a real IRC stream","timestamp":"2026-09-06T08:02:50.855Z"},{"id":"cd578114-dbd0-4969-8662-2c3b9e7f408c","from":"alice","content":"durable across an actual server restart","timestamp":"2026-09-06T08:02:4

[bob-channel:ws:received] {"type":"names","server_id":"browser-server","channel":"#general","members":[{"nickname":"bob","user_id":"browser-bob","role_ids":[]}]}

[alice-channel:ws:received] {"type":"thread_list","server_id":"browser-server","channel":"#general","threads":[]}

[alice-channel:ws:received] {"type":"error","code":"INVALID_INPUT","message":"forum tags require a forum channel"}

[alice-channel:console:error] Server error [INVALID_INPUT]: forum tags require a forum channel

[bob-channel:ws:received] {"type":"history","server_id":"browser-server","channel":"#general","messages":[{"id":"80630023-3f04-4780-bb1b-9384d194ae3c","from":"alice","content":"browser response to IRC","timestamp":"2026-09-06T08:02:51.154Z"},{"id":"d4f7e033-cd89-4abe-9633-eb902f935c98","from":"bob","content":"message from a real IRC stream","timestamp":"2026-09-06T08:02:50.855Z"},{"id":"cd578114-dbd0-4969-8662-2c3b9e7f408c","from":"alice","content":"durable across an actual server restart","timestamp":"2026-09-06T08:02:4

[bob-channel:ws:received] {"type":"thread_list","server_id":"browser-server","channel":"#general","threads":[]}

[bob-channel:ws:received] {"type":"join","nickname":"alice","server_id":"browser-server","channel":"#general","user_id":"browser-alice","role_ids":["e535a359-cb7f-4d6c-9451-32aef599c494"]}

[bob-channel:ws:received] {"type":"error","code":"INVALID_INPUT","message":"forum tags require a forum channel"}

[bob-channel:console:error] Server error [INVALID_INPUT]: forum tags require a forum channel

[bob-channel:ws:received] {"type":"join","nickname":"alice","server_id":"browser-server","channel":"#general","user_id":"browser-alice","role_ids":["e535a359-cb7f-4d6c-9451-32aef599c494"]}

[bob-channel:ws:received] {"type":"durable_event","event":{"kind":"message_created","conversation_id":"channel:62726F777365722D67656E6572616C","entity_type":"message","entity_id":"80630023-3f04-4780-bb1b-9384d194ae3c","entity_version":1,"message":{"message_id":"80630023-3f04-4780-bb1b-9384d194ae3c","conversation_id":"channel:62726F777365722D67656E6572616C","sequence":"4","entity_version":1,"sender_id":"browser-alice","sender_nick":"alice","content":"browser response to IRC","content_format":"markdown","created_at":"2026-

[bob-channel:ws:received] {"type":"durable_event","event":{"kind":"read_advanced","conversation_id":"channel:62726F777365722D67656E6572616C","entity_type":"read_state","entity_id":"ac0d0f585780530b4a6b5ce76eff50c1441bb3981590d801a277d78ab8c2a188","entity_version":3,"message":null,"reaction":null,"read_state":{"conversation_id":"channel:62726F777365722D67656E6572616C","message_id":"80630023-3f04-4780-bb1b-9384d194ae3c","sequence":"4","entity_version":3},"descriptor":{"conversation_id":"channel:62726F777365722D67656E657261

[alice-channel:ws:received] {"type":"command_committed","receipt":{"request_id":"e1f1e953-68f8-4d7e-9d66-d18b957accdc","client_message_id":"e1f1e953-68f8-4d7e-9d66-d18b957accdc","message_id":"80630023-3f04-4780-bb1b-9384d194ae3c","sequence":"4","entity_version":4,"persisted_at":"2026-09-06T08:02:52.000241496+00:00","replayed":false}}

[alice-channel:ws:received] {"type":"slash_command_list","server_id":"browser-server","commands":[{"id":"browser-command","bot_user_id":"browser-helper-bot","name":"journey","description":"Exercise bot interactions","options":[]}]}

[alice-channel:ws:received] {"type":"channel_list","server_id":"browser-server","channels":[{"id":"browser-general","conversation_id":"channel:62726F777365722D67656E6572616C","server_id":"browser-server","name":"#general","topic":"","member_count":2,"position":0,"is_private":false,"channel_type":"text","archived":false,"slowmode_seconds":0,"is_nsfw":false}]}

[alice-channel:ws:received] {"type":"unread_counts","server_id":"browser-server","counts":[]}

[alice-channel:ws:received] {"type":"join","nickname":"alice","server_id":"browser-server","channel":"#general","user_id":"browser-alice","role_ids":["e535a359-cb7f-4d6c-9451-32aef599c494"]}

[alice-channel:ws:received] {"type":"names","server_id":"browser-server","channel":"#general","members":[{"nickname":"alice","user_id":"browser-alice","role_ids":["e535a359-cb7f-4d6c-9451-32aef599c494"]},{"nickname":"bob","user_id":"browser-bob","role_ids":[]}]}

[alice-channel:ws:received] {"type":"names","server_id":"browser-server","channel":"#general","members":[{"nickname":"alice","user_id":"browser-alice","role_ids":["e535a359-cb7f-4d6c-9451-32aef599c494"]},{"nickname":"bob","user_id":"browser-bob","role_ids":[]}]}

[alice-channel:ws:received] {"type":"history","server_id":"browser-server","channel":"#general","messages":[{"id":"80630023-3f04-4780-bb1b-9384d194ae3c","from":"alice","content":"browser response to IRC","timestamp":"2026-09-06T08:02:51.154Z"},{"id":"d4f7e033-cd89-4abe-9633-eb902f935c98","from":"bob","content":"message from a real IRC stream","timestamp":"2026-09-06T08:02:50.855Z"},{"id":"cd578114-dbd0-4969-8662-2c3b9e7f408c","from":"alice","content":"durable across an actual server restart","timestamp":"2026-09-06T08:02:4

[alice-channel:ws:received] {"type":"thread_list","server_id":"browser-server","channel":"#general","threads":[]}

[alice-channel:ws:received] {"type":"durable_event","event":{"kind":"read_advanced","conversation_id":"channel:62726F777365722D67656E6572616C","entity_type":"read_state","entity_id":"23e3671e3e222558338e610e9b9f6d83388fdcb6493c8c1575585f7bc713b0b1","entity_version":4,"message":null,"reaction":null,"read_state":{"conversation_id":"channel:62726F777365722D67656E6572616C","message_id":"80630023-3f04-4780-bb1b-9384d194ae3c","sequence":"4","entity_version":4},"descriptor":{"conversation_id":"channel:62726F777365722D67656E657261

[alice-channel:ws:received] {"type":"error","code":"INVALID_INPUT","message":"forum tags require a forum channel"}

[alice-channel:console:error] Server error [INVALID_INPUT]: forum tags require a forum channel

[alice-channel:ws:received] {"type":"slash_command_list","server_id":"browser-server","commands":[{"id":"browser-command","bot_user_id":"browser-helper-bot","name":"journey","description":"Exercise bot interactions","options":[]}]}

[alice-channel:ws:received] {"type":"durable_event","event":{"kind":"message_created","conversation_id":"channel:62726F777365722D67656E6572616C","entity_type":"message","entity_id":"80630023-3f04-4780-bb1b-9384d194ae3c","entity_version":1,"message":{"message_id":"80630023-3f04-4780-bb1b-9384d194ae3c","conversation_id":"channel:62726F777365722D67656E6572616C","sequence":"4","entity_version":1,"sender_id":"browser-alice","sender_nick":"alice","content":"browser response to IRC","content_format":"markdown","created_at":"2026-

[alice-channel:ws:sent] {"type":"typing","server_id":"browser-server","channel":"#general"}

[bob-channel:ws:received] {"type":"typing_start","server_id":"browser-server","channel":"#general","nickname":"alice"}

[bob-channel:ws:received] {"type":"message","id":"fafaa75f-e838-4ece-a35f-5bc8965b21ab","server_id":"browser-server","from":"alice","target":"#general","content":"channel message across a real socket","timestamp":"2026-09-06T08:02:52.075Z"}

[alice-channel:ws:sent] {"type":"send_message","operation_generation":"46dbf294fbbe4e3af2cd6ddd32e97a0d","request_id":"6bf02768-b127-40ae-957a-afa68f30adb5","client_message_id":"6bf02768-b127-40ae-957a-afa68f30adb5","server_id":"browser-server","channel":"#general","content":"channel message across a real socket","nonce":"6bf02768-b127-40ae-957a-afa68f30adb5"}

[alice-channel:ws:received] {"type":"message_ack","id":"fafaa75f-e838-4ece-a35f-5bc8965b21ab","server_id":"browser-server","channel":"#general","request_id":"6bf02768-b127-40ae-957a-afa68f30adb5","client_message_id":"6bf02768-b127-40ae-957a-afa68f30adb5","sequence":"5","persisted_at":"2026-09-06 08:02:52.075","replayed":false,"nonce":"6bf02768-b127-40ae-957a-afa68f30adb5"}

[alice-channel:ws:received] {"type":"message","id":"fafaa75f-e838-4ece-a35f-5bc8965b21ab","server_id":"browser-server","from":"alice","target":"#general","content":"channel message across a real socket","timestamp":"2026-09-06T08:02:52.075Z"}

[alice-channel:ws:received] {"type":"durable_event","event":{"kind":"read_advanced","conversation_id":"channel:62726F777365722D67656E6572616C","entity_type":"read_state","entity_id":"23e3671e3e222558338e610e9b9f6d83388fdcb6493c8c1575585f7bc713b0b1","entity_version":4,"message":null,"reaction":null,"read_state":{"conversation_id":"channel:62726F777365722D67656E6572616C","message_id":"80630023-3f04-4780-bb1b-9384d194ae3c","sequence":"4","entity_version":4},"descriptor":{"conversation_id":"channel:62726F777365722D67656E657261

[alice-channel:ws:received] {"type":"durable_event","event":{"kind":"message_created","conversation_id":"channel:62726F777365722D67656E6572616C","entity_type":"message","entity_id":"fafaa75f-e838-4ece-a35f-5bc8965b21ab","entity_version":1,"message":{"message_id":"fafaa75f-e838-4ece-a35f-5bc8965b21ab","conversation_id":"channel:62726F777365722D67656E6572616C","sequence":"5","entity_version":1,"sender_id":"browser-alice","sender_nick":"alice","content":"channel message across a real socket","content_format":"markdown","creat

[alice-channel:ws:sent] {"type":"mark_read","operation_generation":"46dbf294fbbe4e3af2cd6ddd32e97a0d","request_id":"313a1655-ac17-454b-8db4-a6fa3ae2d777","client_message_id":"313a1655-ac17-454b-8db4-a6fa3ae2d777","server_id":"browser-server","channel":"#general","message_id":"fafaa75f-e838-4ece-a35f-5bc8965b21ab"}

[bob-channel:ws:received] {"type":"durable_event","event":{"kind":"message_created","conversation_id":"channel:62726F777365722D67656E6572616C","entity_type":"message","entity_id":"fafaa75f-e838-4ece-a35f-5bc8965b21ab","entity_version":1,"message":{"message_id":"fafaa75f-e838-4ece-a35f-5bc8965b21ab","conversation_id":"channel:62726F777365722D67656E6572616C","sequence":"5","entity_version":1,"sender_id":"browser-alice","sender_nick":"alice","content":"channel message across a real socket","content_format":"markdown","creat

[bob-channel:ws:sent] {"type":"mark_read","operation_generation":"46dbf294fbbe4e3af2cd6ddd32e97a0d","request_id":"bcbb3fc8-1ab2-44d9-adf3-5a0edf231ac9","client_message_id":"bcbb3fc8-1ab2-44d9-adf3-5a0edf231ac9","server_id":"browser-server","channel":"#general","message_id":"fafaa75f-e838-4ece-a35f-5bc8965b21ab"}

[alice-channel:ws:received] {"type":"command_committed","receipt":{"request_id":"313a1655-ac17-454b-8db4-a6fa3ae2d777","client_message_id":"313a1655-ac17-454b-8db4-a6fa3ae2d777","message_id":"fafaa75f-e838-4ece-a35f-5bc8965b21ab","sequence":"5","entity_version":5,"persisted_at":"2026-09-06T08:02:53.056715766+00:00","replayed":false}}

[bob-channel:ws:received] {"type":"command_committed","receipt":{"request_id":"bcbb3fc8-1ab2-44d9-adf3-5a0edf231ac9","client_message_id":"bcbb3fc8-1ab2-44d9-adf3-5a0edf231ac9","message_id":"fafaa75f-e838-4ece-a35f-5bc8965b21ab","sequence":"5","entity_version":4,"persisted_at":"2026-09-06T08:02:53.064279634+00:00","replayed":false}}

[alice-channel:ws:sent] {"type":"edit_message","operation_generation":"46dbf294fbbe4e3af2cd6ddd32e97a0d","request_id":"7046d59a-5d2a-4d88-9a18-d2726b02f205","client_message_id":"7046d59a-5d2a-4d88-9a18-d2726b02f205","message_id":"fafaa75f-e838-4ece-a35f-5bc8965b21ab","content":"edited channel message"}

[bob-channel:ws:received] {"type":"message_edit","id":"fafaa75f-e838-4ece-a35f-5bc8965b21ab","server_id":"browser-server","channel":"#general","content":"edited channel message","edited_at":"2026-09-06T08:02:53.444349982Z"}

[alice-channel:ws:received] {"type":"message_edit","id":"fafaa75f-e838-4ece-a35f-5bc8965b21ab","server_id":"browser-server","channel":"#general","content":"edited channel message","edited_at":"2026-09-06T08:02:53.444349982Z"}

[alice-channel:ws:received] {"type":"command_committed","receipt":{"request_id":"7046d59a-5d2a-4d88-9a18-d2726b02f205","client_message_id":"7046d59a-5d2a-4d88-9a18-d2726b02f205","message_id":"fafaa75f-e838-4ece-a35f-5bc8965b21ab","sequence":"5","entity_version":2,"persisted_at":"2026-09-06T08:02:53.443725255+00:00","replayed":false}}

[alice-channel:ws:received] {"type":"durable_event","event":{"kind":"read_advanced","conversation_id":"channel:62726F777365722D67656E6572616C","entity_type":"read_state","entity_id":"23e3671e3e222558338e610e9b9f6d83388fdcb6493c8c1575585f7bc713b0b1","entity_version":5,"message":null,"reaction":null,"read_state":{"conversation_id":"channel:62726F777365722D67656E6572616C","message_id":"fafaa75f-e838-4ece-a35f-5bc8965b21ab","sequence":"5","entity_version":5},"descriptor":{"conversation_id":"channel:62726F777365722D67656E657261

[bob-channel:ws:received] {"type":"durable_event","event":{"kind":"read_advanced","conversation_id":"channel:62726F777365722D67656E6572616C","entity_type":"read_state","entity_id":"ac0d0f585780530b4a6b5ce76eff50c1441bb3981590d801a277d78ab8c2a188","entity_version":4,"message":null,"reaction":null,"read_state":{"conversation_id":"channel:62726F777365722D67656E6572616C","message_id":"fafaa75f-e838-4ece-a35f-5bc8965b21ab","sequence":"5","entity_version":4},"descriptor":{"conversation_id":"channel:62726F777365722D67656E657261

[alice-channel:ws:received] {"type":"durable_event","event":{"kind":"message_edited","conversation_id":"channel:62726F777365722D67656E6572616C","entity_type":"message","entity_id":"fafaa75f-e838-4ece-a35f-5bc8965b21ab","entity_version":2,"message":{"message_id":"fafaa75f-e838-4ece-a35f-5bc8965b21ab","conversation_id":"channel:62726F777365722D67656E6572616C","sequence":"5","entity_version":2,"sender_id":"browser-alice","sender_nick":"alice","content":"edited channel message","content_format":"markdown","created_at":"2026-09

[bob-channel:ws:received] {"type":"durable_event","event":{"kind":"message_edited","conversation_id":"channel:62726F777365722D67656E6572616C","entity_type":"message","entity_id":"fafaa75f-e838-4ece-a35f-5bc8965b21ab","entity_version":2,"message":{"message_id":"fafaa75f-e838-4ece-a35f-5bc8965b21ab","conversation_id":"channel:62726F777365722D67656E6572616C","sequence":"5","entity_version":2,"sender_id":"browser-alice","sender_nick":"alice","content":"edited channel message","content_format":"markdown","created_at":"2026-09

[bob-channel:ws:sent] {"type":"add_reaction","operation_generation":"46dbf294fbbe4e3af2cd6ddd32e97a0d","request_id":"b12cc3e8-9675-48d4-a51f-c683b074a3f0","client_message_id":"b12cc3e8-9675-48d4-a51f-c683b074a3f0","message_id":"fafaa75f-e838-4ece-a35f-5bc8965b21ab","emoji":"👍"}

[alice-channel:ws:received] {"type":"reaction_add","message_id":"fafaa75f-e838-4ece-a35f-5bc8965b21ab","server_id":"browser-server","channel":"#general","user_id":"browser-bob","nickname":"bob","emoji":"👍"}

[bob-channel:ws:received] {"type":"reaction_add","message_id":"fafaa75f-e838-4ece-a35f-5bc8965b21ab","server_id":"browser-server","channel":"#general","user_id":"browser-bob","nickname":"bob","emoji":"👍"}

[bob-channel:ws:received] {"type":"command_committed","receipt":{"request_id":"b12cc3e8-9675-48d4-a51f-c683b074a3f0","client_message_id":"b12cc3e8-9675-48d4-a51f-c683b074a3f0","message_id":"fafaa75f-e838-4ece-a35f-5bc8965b21ab","sequence":"5","entity_version":1,"persisted_at":"2026-09-06T08:02:54.273649046+00:00","replayed":false}}

[alice-channel:ws:received] {"type":"durable_event","event":{"kind":"reaction_added","conversation_id":"channel:62726F777365722D67656E6572616C","entity_type":"reaction","entity_id":"a379293cba592f9ac5a9655061e63ac6e5c5ec0483031985ca837160ee0fd156","entity_version":1,"message":null,"reaction":{"message_id":"fafaa75f-e838-4ece-a35f-5bc8965b21ab","user_id":"browser-bob","emoji":"👍","present":true,"entity_version":1},"read_state":null,"descriptor":{"emoji":"👍","message_id":"fafaa75f-e838-4ece-a35f-5bc8965b21ab","present":tru

[bob-channel:ws:received] {"type":"durable_event","event":{"kind":"reaction_added","conversation_id":"channel:62726F777365722D67656E6572616C","entity_type":"reaction","entity_id":"a379293cba592f9ac5a9655061e63ac6e5c5ec0483031985ca837160ee0fd156","entity_version":1,"message":null,"reaction":{"message_id":"fafaa75f-e838-4ece-a35f-5bc8965b21ab","user_id":"browser-bob","emoji":"👍","present":true,"entity_version":1},"read_state":null,"descriptor":{"emoji":"👍","message_id":"fafaa75f-e838-4ece-a35f-5bc8965b21ab","present":tru

[alice-channel:ws:sent] {"type":"pin_message","server_id":"browser-server","channel":"#general","message_id":"fafaa75f-e838-4ece-a35f-5bc8965b21ab"}

[bob-channel:ws:received] {"type":"message_pin","server_id":"browser-server","channel":"#general","pin":{"id":"7f42392c-f046-4dd1-9c57-28b80ede0563","message_id":"fafaa75f-e838-4ece-a35f-5bc8965b21ab","channel_id":"browser-general","pinned_by":"browser-alice","pinned_at":"2026-09-06 08:02:55","from":"alice","content":"edited channel message","timestamp":"2026-09-06 08:02:52.075"}}

[alice-channel:ws:received] {"type":"message_pin","server_id":"browser-server","channel":"#general","pin":{"id":"7f42392c-f046-4dd1-9c57-28b80ede0563","message_id":"fafaa75f-e838-4ece-a35f-5bc8965b21ab","channel_id":"browser-general","pinned_by":"browser-alice","pinned_at":"2026-09-06 08:02:55","from":"alice","content":"edited channel message","timestamp":"2026-09-06 08:02:52.075"}}

[alice-channel:ws:sent] {"type":"add_bookmark","message_id":"fafaa75f-e838-4ece-a35f-5bc8965b21ab"}

[alice-channel:ws:received] {"type":"bookmark_add","bookmark":{"id":"b03077d0-acbb-458f-9aa2-c68880271c1f","message_id":"fafaa75f-e838-4ece-a35f-5bc8965b21ab","channel_id":"browser-general","from":"alice","content":"edited channel message","timestamp":"2026-09-06 08:02:52.075","created_at":"2026-09-06 08:02:55"}}

[alice-channel:ws:sent] {"type":"get_pinned_messages","server_id":"browser-server","channel":"#general"}

[alice-channel:ws:sent] {"type":"get_pinned_messages","server_id":"browser-server","channel":"#general"}

[alice-channel:ws:received] {"type":"pinned_messages","server_id":"browser-server","channel":"#general","pins":[{"id":"7f42392c-f046-4dd1-9c57-28b80ede0563","message_id":"fafaa75f-e838-4ece-a35f-5bc8965b21ab","channel_id":"browser-general","pinned_by":"browser-alice","pinned_at":"2026-09-06 08:02:55","from":"alice","content":"edited channel message","timestamp":"2026-09-06 08:02:52.075"}]}

[alice-channel:ws:received] {"type":"pinned_messages","server_id":"browser-server","channel":"#general","pins":[{"id":"7f42392c-f046-4dd1-9c57-28b80ede0563","message_id":"fafaa75f-e838-4ece-a35f-5bc8965b21ab","channel_id":"browser-general","pinned_by":"browser-alice","pinned_at":"2026-09-06 08:02:55","from":"alice","content":"edited channel message","timestamp":"2026-09-06 08:02:52.075"}]}

[alice-channel:ws:sent] {"type":"list_bookmarks"}

[alice-channel:ws:sent] {"type":"list_bookmarks"}

[alice-channel:ws:received] {"type":"bookmark_list","bookmarks":[{"id":"b03077d0-acbb-458f-9aa2-c68880271c1f","message_id":"fafaa75f-e838-4ece-a35f-5bc8965b21ab","channel_id":"browser-general","from":"alice","content":"edited channel message","timestamp":"2026-09-06 08:02:52.075","created_at":"2026-09-06 08:02:55"}]}

[alice-channel:ws:received] {"type":"bookmark_list","bookmarks":[{"id":"b03077d0-acbb-458f-9aa2-c68880271c1f","message_id":"fafaa75f-e838-4ece-a35f-5bc8965b21ab","channel_id":"browser-general","from":"alice","content":"edited channel message","timestamp":"2026-09-06 08:02:52.075","created_at":"2026-09-06 08:02:55"}]}

[bob-channel:ws:sent] {"type":"typing","server_id":"browser-server","channel":"#general"}

[alice-channel:ws:received] {"type":"typing_start","server_id":"browser-server","channel":"#general","nickname":"bob"}

[alice-channel:ws:received] {"type":"message","id":"41b3828e-e692-466e-8bb9-889021a80cd5","server_id":"browser-server","from":"bob","target":"#general","content":"reply through the canonical conversation","timestamp":"2026-09-06T08:02:55.361Z"}

[bob-channel:ws:sent] {"type":"send_message","operation_generation":"46dbf294fbbe4e3af2cd6ddd32e97a0d","request_id":"0dc07564-5053-4a57-b54d-69e34282c48a","client_message_id":"0dc07564-5053-4a57-b54d-69e34282c48a","server_id":"browser-server","channel":"#general","content":"reply through the canonical conversation","reply_to":"fafaa75f-e838-4ece-a35f-5bc8965b21ab","nonce":"0dc07564-5053-4a57-b54d-69e34282c48a"}

[bob-channel:ws:received] {"type":"message_ack","id":"41b3828e-e692-466e-8bb9-889021a80cd5","server_id":"browser-server","channel":"#general","request_id":"0dc07564-5053-4a57-b54d-69e34282c48a","client_message_id":"0dc07564-5053-4a57-b54d-69e34282c48a","sequence":"6","persisted_at":"2026-09-06 08:02:55.361","replayed":false,"nonce":"0dc07564-5053-4a57-b54d-69e34282c48a"}

[bob-channel:ws:received] {"type":"message","id":"41b3828e-e692-466e-8bb9-889021a80cd5","server_id":"browser-server","from":"bob","target":"#general","content":"reply through the canonical conversation","timestamp":"2026-09-06T08:02:55.361Z"}

[alice-channel:ws:received] {"type":"durable_event","event":{"kind":"message_created","conversation_id":"channel:62726F777365722D67656E6572616C","entity_type":"message","entity_id":"41b3828e-e692-466e-8bb9-889021a80cd5","entity_version":1,"message":{"message_id":"41b3828e-e692-466e-8bb9-889021a80cd5","conversation_id":"channel:62726F777365722D67656E6572616C","sequence":"6","entity_version":1,"sender_id":"browser-bob","sender_nick":"bob","content":"reply through the canonical conversation","content_format":"markdown","creat

[alice-channel:ws:sent] {"type":"mark_read","operation_generation":"46dbf294fbbe4e3af2cd6ddd32e97a0d","request_id":"b755ad47-ab1e-4dc9-bfde-a15d5e5dc6b3","client_message_id":"b755ad47-ab1e-4dc9-bfde-a15d5e5dc6b3","server_id":"browser-server","channel":"#general","message_id":"41b3828e-e692-466e-8bb9-889021a80cd5"}

[bob-channel:ws:received] {"type":"durable_event","event":{"kind":"message_created","conversation_id":"channel:62726F777365722D67656E6572616C","entity_type":"message","entity_id":"41b3828e-e692-466e-8bb9-889021a80cd5","entity_version":1,"message":{"message_id":"41b3828e-e692-466e-8bb9-889021a80cd5","conversation_id":"channel:62726F777365722D67656E6572616C","sequence":"6","entity_version":1,"sender_id":"browser-bob","sender_nick":"bob","content":"reply through the canonical conversation","content_format":"markdown","creat

[bob-channel:ws:sent] {"type":"mark_read","operation_generation":"46dbf294fbbe4e3af2cd6ddd32e97a0d","request_id":"3d52f88e-0c6c-41fc-8bb3-746259eac340","client_message_id":"3d52f88e-0c6c-41fc-8bb3-746259eac340","server_id":"browser-server","channel":"#general","message_id":"41b3828e-e692-466e-8bb9-889021a80cd5"}

[bob-channel:ws:received] {"type":"command_committed","receipt":{"request_id":"3d52f88e-0c6c-41fc-8bb3-746259eac340","client_message_id":"3d52f88e-0c6c-41fc-8bb3-746259eac340","message_id":"41b3828e-e692-466e-8bb9-889021a80cd5","sequence":"6","entity_version":5,"persisted_at":"2026-09-06T08:02:56.054533102+00:00","replayed":false}}

[alice-channel:ws:received] {"type":"command_committed","receipt":{"request_id":"b755ad47-ab1e-4dc9-bfde-a15d5e5dc6b3","client_message_id":"b755ad47-ab1e-4dc9-bfde-a15d5e5dc6b3","message_id":"41b3828e-e692-466e-8bb9-889021a80cd5","sequence":"6","entity_version":6,"persisted_at":"2026-09-06T08:02:56.057504916+00:00","replayed":false}}

[bob-channel:ws:received] {"type":"message","id":"35eedb66-9427-46b4-a6ee-2e4376050e96","server_id":"browser-server","from":"alice","target":"#general","content":"","timestamp":"2026-09-06T08:02:56.240Z"}

[alice-channel:ws:sent] {"type":"send_message","operation_generation":"46dbf294fbbe4e3af2cd6ddd32e97a0d","request_id":"87f3976c-553e-45e3-9bd6-a485028e26f1","client_message_id":"87f3976c-553e-45e3-9bd6-a485028e26f1","server_id":"browser-server","channel":"#general","content":"","attachment_ids":["6a2ab7bd-1b80-40f7-b015-95d42e3bca63"],"nonce":"87f3976c-553e-45e3-9bd6-a485028e26f1"}

[alice-channel:ws:received] {"type":"message_ack","id":"35eedb66-9427-46b4-a6ee-2e4376050e96","server_id":"browser-server","channel":"#general","request_id":"87f3976c-553e-45e3-9bd6-a485028e26f1","client_message_id":"87f3976c-553e-45e3-9bd6-a485028e26f1","sequence":"7","persisted_at":"2026-09-06 08:02:56.240","replayed":false,"nonce":"87f3976c-553e-45e3-9bd6-a485028e26f1"}

[alice-channel:ws:received] {"type":"message","id":"35eedb66-9427-46b4-a6ee-2e4376050e96","server_id":"browser-server","from":"alice","target":"#general","content":"","timestamp":"2026-09-06T08:02:56.240Z"}

[bob-channel:ws:received] {"type":"durable_event","event":{"kind":"read_advanced","conversation_id":"channel:62726F777365722D67656E6572616C","entity_type":"read_state","entity_id":"ac0d0f585780530b4a6b5ce76eff50c1441bb3981590d801a277d78ab8c2a188","entity_version":5,"message":null,"reaction":null,"read_state":{"conversation_id":"channel:62726F777365722D67656E6572616C","message_id":"41b3828e-e692-466e-8bb9-889021a80cd5","sequence":"6","entity_version":5},"descriptor":{"conversation_id":"channel:62726F777365722D67656E657261

[alice-channel:ws:received] {"type":"durable_event","event":{"kind":"read_advanced","conversation_id":"channel:62726F777365722D67656E6572616C","entity_type":"read_state","entity_id":"23e3671e3e222558338e610e9b9f6d83388fdcb6493c8c1575585f7bc713b0b1","entity_version":6,"message":null,"reaction":null,"read_state":{"conversation_id":"channel:62726F777365722D67656E6572616C","message_id":"41b3828e-e692-466e-8bb9-889021a80cd5","sequence":"6","entity_version":6},"descriptor":{"conversation_id":"channel:62726F777365722D67656E657261

[alice-channel:ws:received] {"type":"durable_event","event":{"kind":"message_created","conversation_id":"channel:62726F777365722D67656E6572616C","entity_type":"message","entity_id":"35eedb66-9427-46b4-a6ee-2e4376050e96","entity_version":1,"message":{"message_id":"35eedb66-9427-46b4-a6ee-2e4376050e96","conversation_id":"channel:62726F777365722D67656E6572616C","sequence":"7","entity_version":1,"sender_id":"browser-alice","sender_nick":"alice","content":"","content_format":"markdown","created_at":"2026-09-06 08:02:56.240","ed

[alice-channel:ws:sent] {"type":"mark_read","operation_generation":"46dbf294fbbe4e3af2cd6ddd32e97a0d","request_id":"1f687c38-4fcc-443d-9baf-80417c2af875","client_message_id":"1f687c38-4fcc-443d-9baf-80417c2af875","server_id":"browser-server","channel":"#general","message_id":"35eedb66-9427-46b4-a6ee-2e4376050e96"}

[bob-channel:ws:received] {"type":"durable_event","event":{"kind":"message_created","conversation_id":"channel:62726F777365722D67656E6572616C","entity_type":"message","entity_id":"35eedb66-9427-46b4-a6ee-2e4376050e96","entity_version":1,"message":{"message_id":"35eedb66-9427-46b4-a6ee-2e4376050e96","conversation_id":"channel:62726F777365722D67656E6572616C","sequence":"7","entity_version":1,"sender_id":"browser-alice","sender_nick":"alice","content":"","content_format":"markdown","created_at":"2026-09-06 08:02:56.240","ed

[bob-channel:ws:sent] {"type":"mark_read","operation_generation":"46dbf294fbbe4e3af2cd6ddd32e97a0d","request_id":"55d8e3c2-f7d9-43de-9a93-61f17f54b4c3","client_message_id":"55d8e3c2-f7d9-43de-9a93-61f17f54b4c3","server_id":"browser-server","channel":"#general","message_id":"35eedb66-9427-46b4-a6ee-2e4376050e96"}

[bob-channel:ws:received] {"type":"command_committed","receipt":{"request_id":"55d8e3c2-f7d9-43de-9a93-61f17f54b4c3","client_message_id":"55d8e3c2-f7d9-43de-9a93-61f17f54b4c3","message_id":"35eedb66-9427-46b4-a6ee-2e4376050e96","sequence":"7","entity_version":6,"persisted_at":"2026-09-06T08:02:57.059349803+00:00","replayed":false}}

[alice-channel:ws:received] {"type":"command_committed","receipt":{"request_id":"1f687c38-4fcc-443d-9baf-80417c2af875","client_message_id":"1f687c38-4fcc-443d-9baf-80417c2af875","message_id":"35eedb66-9427-46b4-a6ee-2e4376050e96","sequence":"7","entity_version":7,"persisted_at":"2026-09-06T08:02:57.065687985+00:00","replayed":false}}

[alice-channel:ws:sent] {"type":"typing","server_id":"browser-server","channel":"#general"}

[bob-channel:ws:received] {"type":"typing_start","server_id":"browser-server","channel":"#general","nickname":"alice"}

[bob-channel:ws:received] {"type":"message","id":"c1108192-4f40-471e-9005-d6231517708e","server_id":"browser-server","from":"alice","target":"#general","content":"unfurl failure must not block https://example.invalid/concord-preview","timestamp":"2026-09-06T08:02:57.550Z"}

[alice-channel:ws:sent] {"type":"send_message","operation_generation":"46dbf294fbbe4e3af2cd6ddd32e97a0d","request_id":"6043e8c0-9095-4abc-83bd-e3a548a166a2","client_message_id":"6043e8c0-9095-4abc-83bd-e3a548a166a2","server_id":"browser-server","channel":"#general","content":"unfurl failure must not block https://example.invalid/concord-preview","nonce":"6043e8c0-9095-4abc-83bd-e3a548a166a2"}

[alice-channel:ws:received] {"type":"message_ack","id":"c1108192-4f40-471e-9005-d6231517708e","server_id":"browser-server","channel":"#general","request_id":"6043e8c0-9095-4abc-83bd-e3a548a166a2","client_message_id":"6043e8c0-9095-4abc-83bd-e3a548a166a2","sequence":"8","persisted_at":"2026-09-06 08:02:57.550","replayed":false,"nonce":"6043e8c0-9095-4abc-83bd-e3a548a166a2"}

[alice-channel:ws:received] {"type":"message","id":"c1108192-4f40-471e-9005-d6231517708e","server_id":"browser-server","from":"alice","target":"#general","content":"unfurl failure must not block https://example.invalid/concord-preview","timestamp":"2026-09-06T08:02:57.550Z"}

[bob-channel:ws:received] {"type":"durable_event","event":{"kind":"read_advanced","conversation_id":"channel:62726F777365722D67656E6572616C","entity_type":"read_state","entity_id":"ac0d0f585780530b4a6b5ce76eff50c1441bb3981590d801a277d78ab8c2a188","entity_version":6,"message":null,"reaction":null,"read_state":{"conversation_id":"channel:62726F777365722D67656E6572616C","message_id":"35eedb66-9427-46b4-a6ee-2e4376050e96","sequence":"7","entity_version":6},"descriptor":{"conversation_id":"channel:62726F777365722D67656E657261

[alice-channel:ws:received] {"type":"durable_event","event":{"kind":"read_advanced","conversation_id":"channel:62726F777365722D67656E6572616C","entity_type":"read_state","entity_id":"23e3671e3e222558338e610e9b9f6d83388fdcb6493c8c1575585f7bc713b0b1","entity_version":7,"message":null,"reaction":null,"read_state":{"conversation_id":"channel:62726F777365722D67656E6572616C","message_id":"35eedb66-9427-46b4-a6ee-2e4376050e96","sequence":"7","entity_version":7},"descriptor":{"conversation_id":"channel:62726F777365722D67656E657261

[bob-channel:ws:received] {"type":"durable_event","event":{"kind":"message_created","conversation_id":"channel:62726F777365722D67656E6572616C","entity_type":"message","entity_id":"c1108192-4f40-471e-9005-d6231517708e","entity_version":1,"message":{"message_id":"c1108192-4f40-471e-9005-d6231517708e","conversation_id":"channel:62726F777365722D67656E6572616C","sequence":"8","entity_version":1,"sender_id":"browser-alice","sender_nick":"alice","content":"unfurl failure must not block https://example.invalid/concord-preview","

[bob-channel:ws:sent] {"type":"mark_read","operation_generation":"46dbf294fbbe4e3af2cd6ddd32e97a0d","request_id":"64ae3e4a-060a-41d0-b7b3-522e43e8204a","client_message_id":"64ae3e4a-060a-41d0-b7b3-522e43e8204a","server_id":"browser-server","channel":"#general","message_id":"c1108192-4f40-471e-9005-d6231517708e"}

[alice-channel:ws:received] {"type":"durable_event","event":{"kind":"message_created","conversation_id":"channel:62726F777365722D67656E6572616C","entity_type":"message","entity_id":"c1108192-4f40-471e-9005-d6231517708e","entity_version":1,"message":{"message_id":"c1108192-4f40-471e-9005-d6231517708e","conversation_id":"channel:62726F777365722D67656E6572616C","sequence":"8","entity_version":1,"sender_id":"browser-alice","sender_nick":"alice","content":"unfurl failure must not block https://example.invalid/concord-preview","

[alice-channel:ws:sent] {"type":"mark_read","operation_generation":"46dbf294fbbe4e3af2cd6ddd32e97a0d","request_id":"1dbdaad7-9d26-4e8d-b31f-752ae22115e4","client_message_id":"1dbdaad7-9d26-4e8d-b31f-752ae22115e4","server_id":"browser-server","channel":"#general","message_id":"c1108192-4f40-471e-9005-d6231517708e"}

[bob-channel:ws:received] {"type":"command_committed","receipt":{"request_id":"64ae3e4a-060a-41d0-b7b3-522e43e8204a","client_message_id":"64ae3e4a-060a-41d0-b7b3-522e43e8204a","message_id":"c1108192-4f40-471e-9005-d6231517708e","sequence":"8","entity_version":7,"persisted_at":"2026-09-06T08:02:58.061729841+00:00","replayed":false}}

[alice-channel:ws:received] {"type":"command_committed","receipt":{"request_id":"1dbdaad7-9d26-4e8d-b31f-752ae22115e4","client_message_id":"1dbdaad7-9d26-4e8d-b31f-752ae22115e4","message_id":"c1108192-4f40-471e-9005-d6231517708e","sequence":"8","entity_version":8,"persisted_at":"2026-09-06T08:02:58.074880622+00:00","replayed":false}}

[alice-channel:ws:sent] {"type":"search_messages","request_id":"59f28dfa-7cb4-4057-b926-e6e2a8fb5a11","server_id":"browser-server","query":"\"edited channel message\"","limit":25,"offset":0}

[alice-channel:ws:received] {"type":"search_results","request_id":"59f28dfa-7cb4-4057-b926-e6e2a8fb5a11","server_id":"browser-server","query":"\"edited channel message\"","results":[{"id":"fafaa75f-e838-4ece-a35f-5bc8965b21ab","from":"alice","content":"edited channel message","timestamp":"2026-09-06 08:02:52.075","channel_id":"browser-general","channel_name":"#general","edited_at":"2026-09-06 08:02:53"}],"total_count":1,"offset":0}

[alice-channel:console:error] Failed to load resource: the server responded with a status of 400 (Bad Request)

[alice-channel:ws:received] {"type":"quit","nickname":"bob","reason":null}

[alice-channel:ws:received] {"type":"presence_update","server_id":"browser-server","presence":{"user_id":"browser-bob","nickname":"bob","status":"offline"}}

[bob-channel:console:debug] [vite] connecting...

[bob-channel:ws:received] {"type":"connected"}

[bob-channel:console:debug] [vite] connected.

[bob-channel:console:info] %cDownload the React DevTools for a better development experience: https://react.dev/link/react-devtools font-weight:bold

[bob-channel:ws:sent] {"type":"list_servers"}

[bob-channel:ws:sent] {"type":"list_direct_conversations"}

[bob-channel:ws:sent] {"type":"get_server_limits"}

[bob-channel:ws:sent] {"type":"sync","request_id":"c0377162-9cd7-4ced-aac2-242bf3244fcd","protocol_version":2,"subscriptions":[],"limit":100}

[bob-channel:ws:received] {"type":"own_presence","requested_status":"online","effective_status":"online","custom_status":null,"status_emoji":null}

[bob-channel:ws:received] {"type":"server_list","servers":[{"id":"browser-server","name":"Browser fixture","member_count":3,"role":"member","my_permissions":80913}]}

[bob-channel:ws:sent] {"type":"list_channels","server_id":"browser-server"}

[bob-channel:ws:sent] {"type":"get_unread_counts","server_id":"browser-server"}

[bob-channel:ws:sent] {"type":"list_channels","server_id":"browser-server"}

[bob-channel:ws:sent] {"type":"get_unread_counts","server_id":"browser-server"}

[bob-channel:ws:received] {"type":"direct_conversation_list","conversations":[{"id":"browser-dm","peer_id":"browser-alice","peer_username":"alice","last_message_at":"2026-09-06 08:02:46.950","unread_count":0}]}

[bob-channel:ws:sent] {"type":"sync","request_id":"9a1d35f6-e71a-4b70-b2de-1fdcd6260595","protocol_version":2,"subscriptions":["browser-dm"],"limit":100}

[bob-channel:ws:received] {"type":"server_limits","max_message_length":4000,"max_file_size_mb":10}

[bob-channel:ws:received] {"type":"sync_snapshot","request_id":"c0377162-9cd7-4ced-aac2-242bf3244fcd","snapshot":{"protocol_version":2,"operation_generation":"46dbf294fbbe4e3af2cd6ddd32e97a0d","cursor":"jkTioWP4B9I1AkW3QWkNgFIwIqvQf3ykeHUdebTg-c6J9X79HPXNvdBHIkzs08n6bW-RIxc0aNBKvEYl7mv525XKbYaMCItESqmNI8R3mTYCIfrqBazBcDtnBv0RE2_ePXfjc2Gm_bmE3nv76C6MhwpbezWJ50ywxMjWNB2c6CXTIMpWZ9b4i-zWGwZHYvCl-knOa80X5OAyiM1L2kMM8VPTwczWh4e6uzmpit6ZU19xMwr2M4BhkClvkE0LJ1t1SEeZFQPPVsOq7CLdn13poLNTYh8nbMn4N2ewTTXF18DGLrUyWa6gkk9s4ycHem1EbpC

[bob-channel:ws:received] {"type":"channel_list","server_id":"browser-server","channels":[{"id":"browser-general","conversation_id":"channel:62726F777365722D67656E6572616C","server_id":"browser-server","name":"#general","topic":"","member_count":1,"position":0,"is_private":false,"channel_type":"text","archived":false,"slowmode_seconds":0,"is_nsfw":false}]}

[bob-channel:ws:sent] {"type":"list_roles","server_id":"browser-server"}

[bob-channel:ws:sent] {"type":"list_categories","server_id":"browser-server"}

[bob-channel:ws:sent] {"type":"get_presences","server_id":"browser-server"}

[bob-channel:ws:sent] {"type":"get_notification_settings","server_id":"browser-server"}

[bob-channel:ws:sent] {"type":"sync","request_id":"c8d95f31-bb54-4922-b392-9393c003c890","protocol_version":2,"subscriptions":["browser-dm","channel:62726F777365722D67656E6572616C"],"limit":100}

[bob-channel:ws:received] {"type":"unread_counts","server_id":"browser-server","counts":[]}

[bob-channel:ws:sent] {"type":"list_channels","server_id":"browser-server"}

[bob-channel:ws:received] {"type":"channel_list","server_id":"browser-server","channels":[{"id":"browser-general","conversation_id":"channel:62726F777365722D67656E6572616C","server_id":"browser-server","name":"#general","topic":"","member_count":1,"position":0,"is_private":false,"channel_type":"text","archived":false,"slowmode_seconds":0,"is_nsfw":false}]}

[bob-channel:ws:received] {"type":"unread_counts","server_id":"browser-server","counts":[]}

[bob-channel:ws:received] {"type":"sync_snapshot","request_id":"9a1d35f6-e71a-4b70-b2de-1fdcd6260595","snapshot":{"protocol_version":2,"operation_generation":"46dbf294fbbe4e3af2cd6ddd32e97a0d","cursor":"o4u1mgCeNfVSTrr1K2eC86HEJzb0kV5ev0p_RGWNClZzmrtn3cUV-8dpOx1DWoH2uzBaGQa8MzrTEU_oDpZeZ9bfowTvtWrenLCwkEs5_c8t98hLW0buVgKpankTKyoKj0xgFJygUAeRedSgJNka3uWfOj52NOy2qXsupwM30g7rQgjiy4AtyK431nFi-k82i4cTfcWF6hUB6vTJ7_KcBfG9p-H0f19CP1a7PCiqT4seFmO_Rzz0C0ZyStpfvuy7K1WTWzxAFtnKQ1jcosic4-kNBNtHVd3oRTn4Gcx4xyMrGtrmeH1JXepD03kZ0hjtbtm

[bob-channel:ws:received] {"type":"role_list","server_id":"browser-server","version":0,"roles":[{"id":"e535a359-cb7f-4d6c-9451-32aef599c494","server_id":"browser-server","name":"Owner","position":3,"permissions":32636159,"is_default":false},{"id":"75f6531b-4433-4367-bf81-1fd76af041fb","server_id":"browser-server","name":"Admin","position":2,"permissions":130175,"is_default":false},{"id":"3d9d6cf1-a551-43ba-93a4-0b23f81edd22","server_id":"browser-server","name":"Moderator","position":1,"permissions":130097,"is_default":fa

[bob-channel:ws:received] {"type":"category_list","server_id":"browser-server","categories":[]}

[bob-channel:ws:received] {"type":"presence_list","server_id":"browser-server","presences":[{"user_id":"browser-alice","nickname":"alice","status":"online"},{"user_id":"browser-bob","nickname":"bob","status":"online"},{"user_id":"browser-helper-bot","nickname":"helper-bot","status":"offline"}]}

[bob-channel:ws:received] {"type":"notification_settings","server_id":"browser-server","settings":[]}

[bob-channel:ws:received] {"type":"sync_snapshot","request_id":"c8d95f31-bb54-4922-b392-9393c003c890","snapshot":{"protocol_version":2,"operation_generation":"46dbf294fbbe4e3af2cd6ddd32e97a0d","cursor":"xZaetL_VWQShzyir21Tfsi24U4xZuGDceH-LGBmiTkW1YFvRq_XhxIoDKk1ucJnOqxWWHSdHNaFTNaD2MWKSWyRi5oYATBSFxmb0K_DTit6MzzbWNHUGm9zwZWwCMsiAtUvx1tUIQPvVOgutZIOxfwsRzUWZVoMgrXNIJ0c55bM5-rrsXiOhJrIH1NtanbSkyHPvszhjRuwb6fC-06H6lQSJXvbVx7w74s2KbxYYjMi5gRp3stMa9iUISt79mSITIxHdtFYumriFI46ebZKEQZ7VJ-NvXFEhWndC-z_dVO2ytPmt_c_gLU9_j_jrrl_loO_

[alice-channel:ws:received] {"type":"join","nickname":"bob","server_id":"browser-server","channel":"#general","user_id":"browser-bob"}

[bob-channel:ws:sent] {"type":"join_channel","server_id":"browser-server","channel":"#general"}

[bob-channel:ws:sent] {"type":"get_members","server_id":"browser-server","channel":"#general"}

[bob-channel:ws:sent] {"type":"fetch_history","server_id":"browser-server","channel":"#general","limit":50}

[bob-channel:ws:sent] {"type":"list_threads","server_id":"browser-server","channel":"#general"}

[bob-channel:ws:sent] {"type":"list_forum_tags","server_id":"browser-server","channel":"#general"}

[bob-channel:ws:sent] {"type":"mark_read","operation_generation":"46dbf294fbbe4e3af2cd6ddd32e97a0d","request_id":"0b9908a9-4e48-494e-9d54-a7e819972ef0","client_message_id":"0b9908a9-4e48-494e-9d54-a7e819972ef0","server_id":"browser-server","channel":"#general","message_id":"c1108192-4f40-471e-9005-d6231517708e"}

[bob-channel:ws:sent] {"type":"list_slash_commands","server_id":"browser-server"}

[bob-channel:ws:sent] {"type":"list_channels","server_id":"browser-server"}

[bob-channel:ws:sent] {"type":"get_unread_counts","server_id":"browser-server"}

[bob-channel:ws:sent] {"type":"join_channel","server_id":"browser-server","channel":"#general"}

[bob-channel:ws:sent] {"type":"get_members","server_id":"browser-server","channel":"#general"}

[bob-channel:ws:sent] {"type":"fetch_history","server_id":"browser-server","channel":"#general","limit":50}

[bob-channel:ws:sent] {"type":"list_threads","server_id":"browser-server","channel":"#general"}

[bob-channel:ws:sent] {"type":"list_forum_tags","server_id":"browser-server","channel":"#general"}

[bob-channel:ws:sent] {"type":"list_slash_commands","server_id":"browser-server"}

[alice-channel:ws:received] {"type":"join","nickname":"bob","server_id":"browser-server","channel":"#general","user_id":"browser-bob"}

[bob-channel:ws:received] {"type":"channel_list","server_id":"browser-server","channels":[{"id":"browser-general","conversation_id":"channel:62726F777365722D67656E6572616C","server_id":"browser-server","name":"#general","topic":"","member_count":1,"position":0,"is_private":false,"channel_type":"text","archived":false,"slowmode_seconds":0,"is_nsfw":false}]}

[bob-channel:console:error] Failed to load resource: the server responded with a status of 404 (Not Found)

[bob-channel:ws:received] {"type":"join","nickname":"bob","server_id":"browser-server","channel":"#general","user_id":"browser-bob"}

[bob-channel:ws:received] {"type":"names","server_id":"browser-server","channel":"#general","members":[{"nickname":"alice","user_id":"browser-alice","role_ids":["e535a359-cb7f-4d6c-9451-32aef599c494"]},{"nickname":"bob","user_id":"browser-bob","role_ids":[]}]}

[bob-channel:ws:received] {"type":"names","server_id":"browser-server","channel":"#general","members":[{"nickname":"alice","user_id":"browser-alice","role_ids":["e535a359-cb7f-4d6c-9451-32aef599c494"]},{"nickname":"bob","user_id":"browser-bob","role_ids":[]}]}

[bob-channel:ws:received] {"type":"history","server_id":"browser-server","channel":"#general","messages":[{"id":"c1108192-4f40-471e-9005-d6231517708e","from":"alice","content":"unfurl failure must not block https://example.invalid/concord-preview","timestamp":"2026-09-06T08:02:57.550Z"},{"id":"35eedb66-9427-46b4-a6ee-2e4376050e96","from":"alice","content":"","timestamp":"2026-09-06T08:02:56.240Z","attachments":[{"id":"6a2ab7bd-1b80-40f7-b015-95d42e3bca63","filename":"evidence.txt","content_type":"text/plain","file_size":

[bob-channel:ws:received] {"type":"thread_list","server_id":"browser-server","channel":"#general","threads":[]}

[bob-channel:ws:received] {"type":"error","code":"INVALID_INPUT","message":"forum tags require a forum channel"}

[bob-channel:console:error] Server error [INVALID_INPUT]: forum tags require a forum channel

[bob-channel:ws:received] {"type":"command_committed","receipt":{"request_id":"0b9908a9-4e48-494e-9d54-a7e819972ef0","client_message_id":"0b9908a9-4e48-494e-9d54-a7e819972ef0","message_id":"c1108192-4f40-471e-9005-d6231517708e","sequence":"8","entity_version":7,"persisted_at":"2026-09-06T08:02:58.919752730+00:00","replayed":false}}

[bob-channel:ws:received] {"type":"channel_list","server_id":"browser-server","channels":[{"id":"browser-general","conversation_id":"channel:62726F777365722D67656E6572616C","server_id":"browser-server","name":"#general","topic":"","member_count":2,"position":0,"is_private":false,"channel_type":"text","archived":false,"slowmode_seconds":0,"is_nsfw":false}]}

[bob-channel:ws:received] {"type":"unread_counts","server_id":"browser-server","counts":[]}

[bob-channel:ws:received] {"type":"join","nickname":"bob","server_id":"browser-server","channel":"#general","user_id":"browser-bob"}

[bob-channel:ws:received] {"type":"names","server_id":"browser-server","channel":"#general","members":[{"nickname":"alice","user_id":"browser-alice","role_ids":["e535a359-cb7f-4d6c-9451-32aef599c494"]},{"nickname":"bob","user_id":"browser-bob","role_ids":[]}]}

[bob-channel:ws:received] {"type":"names","server_id":"browser-server","channel":"#general","members":[{"nickname":"alice","user_id":"browser-alice","role_ids":["e535a359-cb7f-4d6c-9451-32aef599c494"]},{"nickname":"bob","user_id":"browser-bob","role_ids":[]}]}

[bob-channel:ws:received] {"type":"history","server_id":"browser-server","channel":"#general","messages":[{"id":"c1108192-4f40-471e-9005-d6231517708e","from":"alice","content":"unfurl failure must not block https://example.invalid/concord-preview","timestamp":"2026-09-06T08:02:57.550Z"},{"id":"35eedb66-9427-46b4-a6ee-2e4376050e96","from":"alice","content":"","timestamp":"2026-09-06T08:02:56.240Z","attachments":[{"id":"6a2ab7bd-1b80-40f7-b015-95d42e3bca63","filename":"evidence.txt","content_type":"text/plain","file_size":

[bob-channel:ws:received] {"type":"thread_list","server_id":"browser-server","channel":"#general","threads":[]}

[bob-channel:ws:received] {"type":"error","code":"INVALID_INPUT","message":"forum tags require a forum channel"}

[bob-channel:console:error] Server error [INVALID_INPUT]: forum tags require a forum channel

[bob-channel:ws:received] {"type":"durable_event","event":{"kind":"read_advanced","conversation_id":"channel:62726F777365722D67656E6572616C","entity_type":"read_state","entity_id":"ac0d0f585780530b4a6b5ce76eff50c1441bb3981590d801a277d78ab8c2a188","entity_version":7,"message":null,"reaction":null,"read_state":{"conversation_id":"channel:62726F777365722D67656E6572616C","message_id":"c1108192-4f40-471e-9005-d6231517708e","sequence":"8","entity_version":7},"descriptor":{"conversation_id":"channel:62726F777365722D67656E657261

[alice-channel:ws:sent] {"type":"delete_message","operation_generation":"46dbf294fbbe4e3af2cd6ddd32e97a0d","request_id":"6125d478-40a2-46f8-8ce3-d36928197cc6","client_message_id":"6125d478-40a2-46f8-8ce3-d36928197cc6","message_id":"fafaa75f-e838-4ece-a35f-5bc8965b21ab"}

[bob-channel:ws:received] {"type":"message_delete","id":"fafaa75f-e838-4ece-a35f-5bc8965b21ab","server_id":"browser-server","channel":"#general"}

[alice-channel:ws:received] {"type":"durable_event","event":{"kind":"read_advanced","conversation_id":"channel:62726F777365722D67656E6572616C","entity_type":"read_state","entity_id":"23e3671e3e222558338e610e9b9f6d83388fdcb6493c8c1575585f7bc713b0b1","entity_version":8,"message":null,"reaction":null,"read_state":{"conversation_id":"channel:62726F777365722D67656E6572616C","message_id":"c1108192-4f40-471e-9005-d6231517708e","sequence":"8","entity_version":8},"descriptor":{"conversation_id":"channel:62726F777365722D67656E657261

[alice-channel:ws:received] {"type":"message_delete","id":"fafaa75f-e838-4ece-a35f-5bc8965b21ab","server_id":"browser-server","channel":"#general"}

[alice-channel:ws:received] {"type":"command_committed","receipt":{"request_id":"6125d478-40a2-46f8-8ce3-d36928197cc6","client_message_id":"6125d478-40a2-46f8-8ce3-d36928197cc6","message_id":"fafaa75f-e838-4ece-a35f-5bc8965b21ab","sequence":"5","entity_version":3,"persisted_at":"2026-09-06T08:02:59.059543315+00:00","replayed":false}}

[alice-channel:ws:received] {"type":"durable_event","event":{"kind":"message_deleted","conversation_id":"channel:62726F777365722D67656E6572616C","entity_type":"message","entity_id":"fafaa75f-e838-4ece-a35f-5bc8965b21ab","entity_version":3,"message":{"message_id":"fafaa75f-e838-4ece-a35f-5bc8965b21ab","conversation_id":"channel:62726F777365722D67656E6572616C","sequence":"5","entity_version":3,"sender_id":"browser-alice","sender_nick":"alice","content":null,"content_format":"markdown","created_at":"2026-09-06 08:02:52.075","

[bob-channel:ws:received] {"type":"durable_event","event":{"kind":"message_deleted","conversation_id":"channel:62726F777365722D67656E6572616C","entity_type":"message","entity_id":"fafaa75f-e838-4ece-a35f-5bc8965b21ab","entity_version":3,"message":{"message_id":"fafaa75f-e838-4ece-a35f-5bc8965b21ab","conversation_id":"channel:62726F777365722D67656E6572616C","sequence":"5","entity_version":3,"sender_id":"browser-alice","sender_nick":"alice","content":null,"content_format":"markdown","created_at":"2026-09-06 08:02:52.075","

[alice-channel:ws:sent] {"type":"get_pinned_messages","server_id":"browser-server","channel":"#general"}

[alice-channel:ws:sent] {"type":"get_pinned_messages","server_id":"browser-server","channel":"#general"}

[alice-channel:ws:received] {"type":"pinned_messages","server_id":"browser-server","channel":"#general","pins":[{"id":"7f42392c-f046-4dd1-9c57-28b80ede0563","message_id":"fafaa75f-e838-4ece-a35f-5bc8965b21ab","channel_id":"browser-general","pinned_by":"browser-alice","pinned_at":"2026-09-06 08:02:55","from":"unknown","content":"[deleted]","timestamp":""}]}

[alice-channel:ws:received] {"type":"pinned_messages","server_id":"browser-server","channel":"#general","pins":[{"id":"7f42392c-f046-4dd1-9c57-28b80ede0563","message_id":"fafaa75f-e838-4ece-a35f-5bc8965b21ab","channel_id":"browser-general","pinned_by":"browser-alice","pinned_at":"2026-09-06 08:02:55","from":"unknown","content":"[deleted]","timestamp":""}]}

[alice-channel:ws:sent] {"type":"list_bookmarks"}

[alice-channel:ws:sent] {"type":"list_bookmarks"}

[alice-channel:ws:received] {"type":"bookmark_list","bookmarks":[{"id":"b03077d0-acbb-458f-9aa2-c68880271c1f","message_id":"fafaa75f-e838-4ece-a35f-5bc8965b21ab","channel_id":"browser-general","from":"unknown","content":"[deleted]","timestamp":"","created_at":"2026-09-06 08:02:55"}]}

[alice-channel:ws:received] {"type":"bookmark_list","bookmarks":[{"id":"b03077d0-acbb-458f-9aa2-c68880271c1f","message_id":"fafaa75f-e838-4ece-a35f-5bc8965b21ab","channel_id":"browser-general","from":"unknown","content":"[deleted]","timestamp":"","created_at":"2026-09-06 08:02:55"}]}

[alice-channel:ws:sent] {"type":"search_messages","request_id":"34d81019-493d-4e31-837c-d410f821b67a","server_id":"browser-server","query":"\"edited channel message\"","limit":25,"offset":0}

[alice-channel:ws:received] {"type":"search_results","request_id":"34d81019-493d-4e31-837c-d410f821b67a","server_id":"browser-server","query":"\"edited channel message\"","results":[],"total_count":0,"offset":0}

[alice-channel:ws:sent] {"type":"typing","server_id":"browser-server","channel":"#general"}

[bob-channel:ws:received] {"type":"typing_start","server_id":"browser-server","channel":"#general","nickname":"alice"}

[alice-channel:ws:sent] {"type":"send_message","operation_generation":"46dbf294fbbe4e3af2cd6ddd32e97a0d","request_id":"57c53aec-ef90-466d-9c74-095830d2da5b","client_message_id":"57c53aec-ef90-466d-9c74-095830d2da5b","server_id":"browser-server","channel":"#general","content":"xxxxxxxxxxxxxxxxxxxxxxxxxxxxxxxxxxxxxxxxxxxxxxxxxxxxxxxxxxxxxxxxxxxxxxxxxxxxxxxxxxxxxxxxxxxxxxxxxxxxxxxxxxxxxxxxxxxxxxxxxxxxxxxxxxxxxxxxxxxxxxxxxxxxxxxxxxxxxxxxxxxxxxxxxxxxxxxxxxxxxxxxxxxxxxxxxxxxxxxxxxxxxxxxxxxxxxxxxxxxxxxxxxxxxxxxxxxxxxxxxxxxxxx

[alice-channel:ws:received] {"type":"command_error","request_id":"57c53aec-ef90-466d-9c74-095830d2da5b","code":"INVALID_INPUT","message":"Message too long (max 4000 characters)","retryable":false}

[alice-channel:ws:received] {"type":"quit","nickname":"bob","reason":null}

[alice-channel:ws:received] {"type":"presence_update","server_id":"browser-server","presence":{"user_id":"browser-bob","nickname":"bob","status":"offline"}}

[bob-channel:console:debug] [vite] connecting...

[bob-channel:ws:received] {"type":"connected"}

[bob-channel:console:debug] [vite] connected.

[bob-channel:console:info] %cDownload the React DevTools for a better development experience: https://react.dev/link/react-devtools font-weight:bold

[bob-channel:ws:sent] {"type":"list_servers"}

[bob-channel:ws:sent] {"type":"list_direct_conversations"}

[bob-channel:ws:sent] {"type":"get_server_limits"}

[bob-channel:ws:sent] {"type":"sync","request_id":"48956b93-c923-4ccd-a69f-5cfd95874d45","protocol_version":2,"subscriptions":[],"limit":100}

[bob-channel:ws:received] {"type":"own_presence","requested_status":"online","effective_status":"online","custom_status":null,"status_emoji":null}

[bob-channel:ws:received] {"type":"server_list","servers":[{"id":"browser-server","name":"Browser fixture","member_count":3,"role":"member","my_permissions":80913}]}

[bob-channel:ws:sent] {"type":"list_channels","server_id":"browser-server"}

[bob-channel:ws:sent] {"type":"get_unread_counts","server_id":"browser-server"}

[bob-channel:ws:sent] {"type":"list_channels","server_id":"browser-server"}

[bob-channel:ws:sent] {"type":"get_unread_counts","server_id":"browser-server"}

[bob-channel:ws:received] {"type":"direct_conversation_list","conversations":[{"id":"browser-dm","peer_id":"browser-alice","peer_username":"alice","last_message_at":"2026-09-06 08:02:46.950","unread_count":0}]}

[bob-channel:ws:sent] {"type":"sync","request_id":"4d818229-731a-44dd-95e0-98680ef9930a","protocol_version":2,"subscriptions":["browser-dm"],"limit":100}

[bob-channel:ws:received] {"type":"server_limits","max_message_length":4000,"max_file_size_mb":10}

[bob-channel:ws:received] {"type":"sync_snapshot","request_id":"48956b93-c923-4ccd-a69f-5cfd95874d45","snapshot":{"protocol_version":2,"operation_generation":"46dbf294fbbe4e3af2cd6ddd32e97a0d","cursor":"bsfh69jQ_LHieFd2K4mddvuiS0NbUPumfbs_AAJFaaI3kLA5wybdic-r8YMLg3Enrb8p-UD5L5x4Qw9qjUgZ3wMFG4PgD_0CPn-ci2AGBuJ5yEooBRGVaRL3bbyCxrngOID2JJTtOH6hranR2KlZLiibgEc47OjOIUakGRjX8HG-_966N5wdNw3eZ_ix8rCTl4k1oEfmVsNd5PeQvVf8-6qtJkAIuPmPIGEWzf9yQi_NfMP8dd1JfVYIp3Q-ayb3ZkCnnPPDthn9wnG6hhjHKgPTjaE1J5yK8qqureoUinnty1lCfrVT45qIPffakb6FjqQ

[bob-channel:ws:received] {"type":"channel_list","server_id":"browser-server","channels":[{"id":"browser-general","conversation_id":"channel:62726F777365722D67656E6572616C","server_id":"browser-server","name":"#general","topic":"","member_count":1,"position":0,"is_private":false,"channel_type":"text","archived":false,"slowmode_seconds":0,"is_nsfw":false}]}

[bob-channel:ws:sent] {"type":"list_roles","server_id":"browser-server"}

[bob-channel:ws:sent] {"type":"list_categories","server_id":"browser-server"}

[bob-channel:ws:sent] {"type":"get_presences","server_id":"browser-server"}

[bob-channel:ws:sent] {"type":"get_notification_settings","server_id":"browser-server"}

[bob-channel:ws:sent] {"type":"sync","request_id":"4a0ebd60-d946-434a-a0b8-b3b306c842f7","protocol_version":2,"subscriptions":["browser-dm","channel:62726F777365722D67656E6572616C"],"limit":100}

[bob-channel:ws:received] {"type":"unread_counts","server_id":"browser-server","counts":[]}

[bob-channel:ws:received] {"type":"channel_list","server_id":"browser-server","channels":[{"id":"browser-general","conversation_id":"channel:62726F777365722D67656E6572616C","server_id":"browser-server","name":"#general","topic":"","member_count":1,"position":0,"is_private":false,"channel_type":"text","archived":false,"slowmode_seconds":0,"is_nsfw":false}]}

[bob-channel:ws:received] {"type":"unread_counts","server_id":"browser-server","counts":[]}

[bob-channel:ws:received] {"type":"sync_snapshot","request_id":"4d818229-731a-44dd-95e0-98680ef9930a","snapshot":{"protocol_version":2,"operation_generation":"46dbf294fbbe4e3af2cd6ddd32e97a0d","cursor":"a2qjoj9Gb3f6lmbZcbLzzAeT6jkOLKUG-wx_lTigyYUoPNQikbZV7d7aNlC_UkSkMv5kAvBuSmF0WiSWHdtedHsRcZo4ycUPu_D6vf27yxPPnhFkSIWydUTDnGuRlgDjuqisZE-ZrlxiRPJDA-RKTsqreasmle3GUS6eoUi5OF2KUZ1vNDupp-6dg7oR7svIRGbnnqSSTrzMWm4hBPSsTOjJHXYSUnQQhKaOKy3XIacU6vvZq2bozE_Bd3XXN60f-8YZb9DjlRqUZlO2a4ZeJF1zy71O1P8ubo9LTQ3Idew3wXY-AbuNCvBo0AomGP5fFF4

[bob-channel:ws:sent] {"type":"list_channels","server_id":"browser-server"}

[bob-channel:ws:received] {"type":"role_list","server_id":"browser-server","version":0,"roles":[{"id":"e535a359-cb7f-4d6c-9451-32aef599c494","server_id":"browser-server","name":"Owner","position":3,"permissions":32636159,"is_default":false},{"id":"75f6531b-4433-4367-bf81-1fd76af041fb","server_id":"browser-server","name":"Admin","position":2,"permissions":130175,"is_default":false},{"id":"3d9d6cf1-a551-43ba-93a4-0b23f81edd22","server_id":"browser-server","name":"Moderator","position":1,"permissions":130097,"is_default":fa

[bob-channel:ws:received] {"type":"category_list","server_id":"browser-server","categories":[]}

[bob-channel:ws:received] {"type":"presence_list","server_id":"browser-server","presences":[{"user_id":"browser-alice","nickname":"alice","status":"online"},{"user_id":"browser-bob","nickname":"bob","status":"online"},{"user_id":"browser-helper-bot","nickname":"helper-bot","status":"offline"}]}

[bob-channel:ws:received] {"type":"notification_settings","server_id":"browser-server","settings":[]}

[bob-channel:ws:received] {"type":"sync_snapshot","request_id":"4a0ebd60-d946-434a-a0b8-b3b306c842f7","snapshot":{"protocol_version":2,"operation_generation":"46dbf294fbbe4e3af2cd6ddd32e97a0d","cursor":"eV4VHctQb23wyL2VJmVQT2S5mCTxTzs0w3lKAlblzuJjPhB1tHnuesMLJN1UC8ilj48ElJAWKo39jl3z5esUzbhZ_Py6npP1ZmejmmDr1XthGZtAyeTkJClmfOX13bo9MNzuFwpaXHHgPCnjZsRbsdyKhA8oTVUtLT3T9l3_c_YODzcM_VIPMCRJUqDI8kaXn44hL4cDjokD19KWOsTuQE3v_gvLCrJna7EDchho1Qe3GkyhlsE5I-0D-PZKQ5BkGf5L6xI2PJJK_PO5s_ZYkLuM1y92omwIJHuVfOsN-AhhxsdiY1PEO6vlVWJxY4d_QQA

[bob-channel:ws:sent] {"type":"join_channel","server_id":"browser-server","channel":"#general"}

[bob-channel:ws:sent] {"type":"get_members","server_id":"browser-server","channel":"#general"}

[bob-channel:ws:sent] {"type":"fetch_history","server_id":"browser-server","channel":"#general","limit":50}

[bob-channel:ws:sent] {"type":"list_threads","server_id":"browser-server","channel":"#general"}

[bob-channel:ws:sent] {"type":"list_forum_tags","server_id":"browser-server","channel":"#general"}

[bob-channel:ws:sent] {"type":"mark_read","operation_generation":"46dbf294fbbe4e3af2cd6ddd32e97a0d","request_id":"e6c69908-c690-4d6d-841c-4bdb180a0bca","client_message_id":"e6c69908-c690-4d6d-841c-4bdb180a0bca","server_id":"browser-server","channel":"#general","message_id":"c1108192-4f40-471e-9005-d6231517708e"}

[bob-channel:ws:sent] {"type":"list_slash_commands","server_id":"browser-server"}

[bob-channel:ws:sent] {"type":"list_channels","server_id":"browser-server"}

[bob-channel:ws:sent] {"type":"get_unread_counts","server_id":"browser-server"}

[bob-channel:ws:sent] {"type":"join_channel","server_id":"browser-server","channel":"#general"}

[bob-channel:ws:sent] {"type":"get_members","server_id":"browser-server","channel":"#general"}

[bob-channel:ws:sent] {"type":"fetch_history","server_id":"browser-server","channel":"#general","limit":50}

[bob-channel:ws:sent] {"type":"list_threads","server_id":"browser-server","channel":"#general"}

[bob-channel:ws:sent] {"type":"list_forum_tags","server_id":"browser-server","channel":"#general"}

[bob-channel:ws:sent] {"type":"list_slash_commands","server_id":"browser-server"}

[alice-channel:ws:received] {"type":"join","nickname":"bob","server_id":"browser-server","channel":"#general","user_id":"browser-bob"}

[bob-channel:ws:received] {"type":"channel_list","server_id":"browser-server","channels":[{"id":"browser-general","conversation_id":"channel:62726F777365722D67656E6572616C","server_id":"browser-server","name":"#general","topic":"","member_count":1,"position":0,"is_private":false,"channel_type":"text","archived":false,"slowmode_seconds":0,"is_nsfw":false}]}

[alice-channel:ws:received] {"type":"join","nickname":"bob","server_id":"browser-server","channel":"#general","user_id":"browser-bob"}

[bob-channel:console:error] Failed to load resource: the server responded with a status of 404 (Not Found)

[bob-channel:ws:received] {"type":"join","nickname":"bob","server_id":"browser-server","channel":"#general","user_id":"browser-bob"}

[bob-channel:ws:received] {"type":"names","server_id":"browser-server","channel":"#general","members":[{"nickname":"alice","user_id":"browser-alice","role_ids":["e535a359-cb7f-4d6c-9451-32aef599c494"]},{"nickname":"bob","user_id":"browser-bob","role_ids":[]}]}

[bob-channel:ws:received] {"type":"names","server_id":"browser-server","channel":"#general","members":[{"nickname":"alice","user_id":"browser-alice","role_ids":["e535a359-cb7f-4d6c-9451-32aef599c494"]},{"nickname":"bob","user_id":"browser-bob","role_ids":[]}]}

[9/15] tests/authenticated/authenticated.spec.ts:563:1 › owner creates a forum and manages its tags through the real server
tests/authenticated/authenticated.spec.ts:563:1 › owner creates a forum and manages its tags through the real server
[alice-forum:console:debug] [vite] connecting...

[alice-forum:ws:received] {"type":"connected"}

[alice-forum:console:debug] [vite] connected.

[alice-forum:console:info] %cDownload the React DevTools for a better development experience: https://react.dev/link/react-devtools font-weight:bold

[alice-forum:ws:sent] {"type":"list_servers"}

[alice-forum:ws:sent] {"type":"list_direct_conversations"}

[alice-forum:ws:sent] {"type":"get_server_limits"}

[alice-forum:ws:sent] {"type":"sync","request_id":"9fec3924-09fb-4b92-ac01-6fe1815e49da","protocol_version":2,"subscriptions":[],"limit":100}

[alice-forum:ws:received] {"type":"own_presence","requested_status":"online","effective_status":"online","custom_status":null,"status_emoji":null}

[alice-forum:ws:received] {"type":"server_list","servers":[{"id":"browser-server","name":"Browser fixture","member_count":3,"role":"owner","my_permissions":32636159}]}

[alice-forum:ws:sent] {"type":"list_channels","server_id":"browser-server"}

[alice-forum:ws:sent] {"type":"get_unread_counts","server_id":"browser-server"}

[alice-forum:ws:sent] {"type":"list_channels","server_id":"browser-server"}

[alice-forum:ws:sent] {"type":"get_unread_counts","server_id":"browser-server"}

[alice-forum:ws:received] {"type":"direct_conversation_list","conversations":[{"id":"browser-dm","peer_id":"browser-bob","peer_username":"bob","last_message_at":"2026-09-06 08:02:46.950","unread_count":0}]}

[alice-forum:ws:sent] {"type":"sync","request_id":"7b35ef8f-dd0f-43e9-9757-db8358172203","protocol_version":2,"subscriptions":["browser-dm"],"limit":100}

[alice-forum:ws:received] {"type":"server_limits","max_message_length":4000,"max_file_size_mb":10}

[alice-forum:ws:received] {"type":"sync_snapshot","request_id":"9fec3924-09fb-4b92-ac01-6fe1815e49da","snapshot":{"protocol_version":2,"operation_generation":"46dbf294fbbe4e3af2cd6ddd32e97a0d","cursor":"aLEO9IJIN3VqXo4wjBSBSt_ht0_MVT3zh--uP28g7caGcN3GJg3gc0yvP9ofufh5kV0Q6H2L-7Wapj1zDHyWeg-dNRBhQh8ckjytZEtmEpu_LuYhYZo_I5m6ZRLC_arwxoVlcGON-d1_DJVWEqJ1Oz-vInWY2DV03W42kwLb1BNIkHvAclUSZ9-F7BMGp4W1TVs9vh29n6OmKoRY6-ezS3yq94jp_vajPY-W4sVdKwGoZRZl8Wo5oOQPJ-2sygrPPvuS12csaHma9OpmDoW36m7X0q9XGKYt4X_0L8Omg8YTceHR4hlONnTfJoq4m4VI7z1

[alice-forum:ws:received] {"type":"channel_list","server_id":"browser-server","channels":[{"id":"browser-general","conversation_id":"channel:62726F777365722D67656E6572616C","server_id":"browser-server","name":"#general","topic":"","member_count":0,"position":0,"is_private":false,"channel_type":"text","archived":false,"slowmode_seconds":0,"is_nsfw":false}]}

[alice-forum:ws:sent] {"type":"list_roles","server_id":"browser-server"}

[alice-forum:ws:sent] {"type":"list_categories","server_id":"browser-server"}

[alice-forum:ws:sent] {"type":"get_presences","server_id":"browser-server"}

[alice-forum:ws:sent] {"type":"get_notification_settings","server_id":"browser-server"}

[alice-forum:ws:sent] {"type":"sync","request_id":"ffccaa6f-c0e6-4a8c-9165-be6a038cca66","protocol_version":2,"subscriptions":["browser-dm","channel:62726F777365722D67656E6572616C"],"limit":100}

[alice-forum:ws:received] {"type":"unread_counts","server_id":"browser-server","counts":[]}

[alice-forum:ws:received] {"type":"channel_list","server_id":"browser-server","channels":[{"id":"browser-general","conversation_id":"channel:62726F777365722D67656E6572616C","server_id":"browser-server","name":"#general","topic":"","member_count":0,"position":0,"is_private":false,"channel_type":"text","archived":false,"slowmode_seconds":0,"is_nsfw":false}]}

[alice-forum:ws:received] {"type":"unread_counts","server_id":"browser-server","counts":[]}

[alice-forum:ws:received] {"type":"sync_snapshot","request_id":"7b35ef8f-dd0f-43e9-9757-db8358172203","snapshot":{"protocol_version":2,"operation_generation":"46dbf294fbbe4e3af2cd6ddd32e97a0d","cursor":"eJq4vkykvC47FKwob7JYHJTbmUMCNlTYEf0aamZK7ZtiXVbxIn-qI94nX62gQ0HX6O3JjIPMpmU-Bdk1xoAkhq3pwHs5jGgIlsAtggNMtzGcW1jBVPWUrjNHtyBf6ShOvzgPoVHKaGx_nifLr0hshK9gXH4ESmKhuhu2izyiFIflcYPexaYpPXjgKf71t8srX_FEgBV_Mzs84oEVKqtf4LFcVtU6UJbLC9zLUTMwXChRkJFqHNO2pIcsDtSzSd5Zr3EemYkADkyCiL7htf8ttjxHu7utDHaRgPoWhrkK3df_CNSHp2P9M4mficYx8eaVou1

[alice-forum:ws:received] {"type":"role_list","server_id":"browser-server","version":0,"roles":[{"id":"e535a359-cb7f-4d6c-9451-32aef599c494","server_id":"browser-server","name":"Owner","position":3,"permissions":32636159,"is_default":false},{"id":"75f6531b-4433-4367-bf81-1fd76af041fb","server_id":"browser-server","name":"Admin","position":2,"permissions":130175,"is_default":false},{"id":"3d9d6cf1-a551-43ba-93a4-0b23f81edd22","server_id":"browser-server","name":"Moderator","position":1,"permissions":130097,"is_default":fa

[alice-forum:ws:received] {"type":"category_list","server_id":"browser-server","categories":[]}

[alice-forum:ws:received] {"type":"presence_list","server_id":"browser-server","presences":[{"user_id":"browser-alice","nickname":"alice","status":"online"},{"user_id":"browser-bob","nickname":"bob","status":"offline"},{"user_id":"browser-helper-bot","nickname":"helper-bot","status":"offline"}]}

[alice-forum:ws:received] {"type":"notification_settings","server_id":"browser-server","settings":[]}

[alice-forum:ws:received] {"type":"sync_snapshot","request_id":"ffccaa6f-c0e6-4a8c-9165-be6a038cca66","snapshot":{"protocol_version":2,"operation_generation":"46dbf294fbbe4e3af2cd6ddd32e97a0d","cursor":"56SaEjMNbfaIt6X62R7PuS60rolMD_emVTpkg5SdjcvmWae7l62DWi338I4oq-08Dt68S0X3z_FDltTvi3zmSsquBkrUAy6knaOVcFd_aGafjDoitf55DN4NOfp2V4e54yMbP0-AQ6ChKbFrw7Zbv-brQVdf4Li9dwwN3JHj5J-yqhYEmh1RvTJuhXI9badCgbHLP8ZTNuAL-ga9nL-spOUNuf6FWCs3hDr64vY4yizEeiwB8NjitPXTT-yZRPmhknWCHWOO-_wxDeU3GS2tOMK1qmWSocf2cNawX0RGdMvwmqkFXppogRqufMpex6nt0cO

[alice-forum:ws:sent] {"type":"create_channel","server_id":"browser-server","name":"help-forum","channel_type":"forum"}

[alice-forum:ws:received] {"type":"channel_list","server_id":"browser-server","channels":[{"id":"browser-general","conversation_id":"channel:62726F777365722D67656E6572616C","server_id":"browser-server","name":"#general","topic":"","member_count":0,"position":0,"is_private":false,"channel_type":"text","archived":false,"slowmode_seconds":0,"is_nsfw":false},{"id":"74bbc1ec-f589-4e12-9517-09449329b949","conversation_id":"channel:37346262633165632D663538392D346531322D393531372D303934343933323962393439","server_id":"browser-se

[alice-forum:ws:sent] {"type":"sync","request_id":"3e27ea43-ccb9-4859-b0c7-fff2476c0ef9","protocol_version":2,"subscriptions":["browser-dm","channel:37346262633165632D663538392D346531322D393531372D303934343933323962393439","channel:62726F777365722D67656E6572616C"],"limit":100}

[alice-forum:ws:sent] {"type":"list_forum_tags","server_id":"browser-server","channel":"#help-forum"}

[alice-forum:ws:sent] {"type":"list_forum_tags","server_id":"browser-server","channel":"#help-forum"}

[alice-forum:ws:received] {"type":"sync_snapshot","request_id":"3e27ea43-ccb9-4859-b0c7-fff2476c0ef9","snapshot":{"protocol_version":2,"operation_generation":"46dbf294fbbe4e3af2cd6ddd32e97a0d","cursor":"B-Pw7ynrYKF7G-1YH_mO1K244kU-K2JlUciieLN2fcAkhoYHtJcZawhBhwNtGXHPTmd-o3QxgAL28KVWCiVOLSMUj9OKEBBK_ROjHxp9_6Cb1jSirPqtRd4iFBi6rJpcZqnC5IeA15pPlqLW69SlMiOgfr4ElXZdNjsGA45pm910681-QcqQqafj08VDqGlDwNNQgPrtp04ru_WHmScVjGMwe2Wdh1wYiRjUANxdl3D2YPU2ejfcBMnhIAXvBaN34zo2NLA82cPI5IPzYBjVau6HCzC1kM3AdbP7PlGgU071t1SZd8vu9y3sPPenUiV3704

[alice-forum:ws:received] {"type":"forum_tag_list","server_id":"browser-server","channel":"#help-forum","tags":[]}

[alice-forum:ws:received] {"type":"forum_tag_list","server_id":"browser-server","channel":"#help-forum","tags":[]}

[alice-forum:ws:sent] {"type":"create_forum_tag","server_id":"browser-server","channel":"#help-forum","name":"Solved","emoji":"✅","moderated":false}

[alice-forum:ws:received] {"type":"forum_tag_update","server_id":"browser-server","channel":"#help-forum","tag":{"id":"7ee096eb-081a-4286-b786-6e478f2c611b","name":"Solved","emoji":"✅","moderated":false,"position":0}}

[alice-forum:ws:sent] {"type":"update_forum_tag","server_id":"browser-server","channel":"#help-forum","tag_id":"7ee096eb-081a-4286-b786-6e478f2c611b","name":"Resolved","emoji":"✅","moderated":false,"position":0}

[alice-forum:ws:received] {"type":"forum_tag_update","server_id":"browser-server","channel":"#help-forum","tag":{"id":"7ee096eb-081a-4286-b786-6e478f2c611b","name":"Resolved","emoji":"✅","moderated":false,"position":0}}

[alice-forum:ws:sent] {"type":"update_forum_tag","server_id":"browser-server","channel":"#help-forum","tag_id":"7ee096eb-081a-4286-b786-6e478f2c611b","name":"Resolved","emoji":"✅","moderated":true,"position":0}

[alice-forum:ws:received] {"type":"forum_tag_update","server_id":"browser-server","channel":"#help-forum","tag":{"id":"7ee096eb-081a-4286-b786-6e478f2c611b","name":"Resolved","emoji":"✅","moderated":true,"position":0}}

[alice-forum:ws:sent] {"type":"delete_forum_tag","server_id":"browser-server","channel":"#help-forum","tag_id":"7ee096eb-081a-4286-b786-6e478f2c611b"}

[alice-forum:ws:received] {"type":"forum_tag_delete","server_id":"browser-server","channel":"#help-forum","tag_id":"7ee096eb-081a-4286-b786-6e478f2c611b"}

[10/15] tests/authenticated/authenticated.spec.ts:598:1 › owner times out a member and reads the committed audit record
tests/authenticated/authenticated.spec.ts:598:1 › owner times out a member and reads the committed audit record
[alice-moderation:console:debug] [vite] connecting...

[alice-moderation:ws:received] {"type":"connected"}

[alice-moderation:console:debug] [vite] connected.

[alice-moderation:console:info] %cDownload the React DevTools for a better development experience: https://react.dev/link/react-devtools font-weight:bold

[alice-moderation:ws:sent] {"type":"list_servers"}

[alice-moderation:ws:sent] {"type":"list_direct_conversations"}

[alice-moderation:ws:sent] {"type":"get_server_limits"}

[alice-moderation:ws:sent] {"type":"sync","request_id":"4c0917cf-7b90-452b-a96c-c5a7b0f22352","protocol_version":2,"subscriptions":[],"limit":100}

[alice-moderation:ws:received] {"type":"own_presence","requested_status":"online","effective_status":"online","custom_status":null,"status_emoji":null}

[alice-moderation:ws:received] {"type":"server_list","servers":[{"id":"browser-server","name":"Browser fixture","member_count":3,"role":"owner","my_permissions":32636159}]}

[alice-moderation:ws:sent] {"type":"list_channels","server_id":"browser-server"}

[alice-moderation:ws:sent] {"type":"get_unread_counts","server_id":"browser-server"}

[alice-moderation:ws:sent] {"type":"list_channels","server_id":"browser-server"}

[alice-moderation:ws:sent] {"type":"get_unread_counts","server_id":"browser-server"}

[alice-moderation:ws:received] {"type":"direct_conversation_list","conversations":[{"id":"browser-dm","peer_id":"browser-bob","peer_username":"bob","last_message_at":"2026-09-06 08:02:46.950","unread_count":0}]}

[alice-moderation:ws:sent] {"type":"sync","request_id":"75bdf1f9-db75-417b-bf1a-e0a35f1eebad","protocol_version":2,"subscriptions":["browser-dm"],"limit":100}

[alice-moderation:ws:received] {"type":"server_limits","max_message_length":4000,"max_file_size_mb":10}

[alice-moderation:ws:received] {"type":"sync_snapshot","request_id":"4c0917cf-7b90-452b-a96c-c5a7b0f22352","snapshot":{"protocol_version":2,"operation_generation":"46dbf294fbbe4e3af2cd6ddd32e97a0d","cursor":"vlRxvQAFk2NooCimyIRICeqUyYEGSvq7wozGSXrE22wDMWRjQtiC0ZK5ycC1AzyNeSaMZ5lnNezexWKZ1ZGtbD0L_4IggnWk-lH7gEjpb4Z2LghQQUbdLXlRAjRTO912uxaPR5kLFfY7jVf6cBXkEbeJ4w8gl7rTLZlT84cGLM_EgVhuqXHyOO9HN1r7Zd9U1rUmS8_yXohlrzonn-lT7aJ834PoVEFuB4V2KAEpocUqKvjgfE5cJ2NuqFJH0VdtCBBfu4Afj0Ij4W8ZejS4z-T36cRnp9Xzpf5Jz2vzOhd5qVsIterKekwsdXBp555wwRY

[alice-moderation:ws:received] {"type":"channel_list","server_id":"browser-server","channels":[{"id":"browser-general","conversation_id":"channel:62726F777365722D67656E6572616C","server_id":"browser-server","name":"#general","topic":"","member_count":0,"position":0,"is_private":false,"channel_type":"text","archived":false,"slowmode_seconds":0,"is_nsfw":false},{"id":"74bbc1ec-f589-4e12-9517-09449329b949","conversation_id":"channel:37346262633165632D663538392D346531322D393531372D303934343933323962393439","server_id":"browser-se

[alice-moderation:ws:sent] {"type":"list_roles","server_id":"browser-server"}

[alice-moderation:ws:sent] {"type":"list_categories","server_id":"browser-server"}

[alice-moderation:ws:sent] {"type":"get_presences","server_id":"browser-server"}

[alice-moderation:ws:sent] {"type":"get_notification_settings","server_id":"browser-server"}

[alice-moderation:ws:sent] {"type":"sync","request_id":"1f8dcb50-9a5f-43d9-9641-4d810440e309","protocol_version":2,"subscriptions":["browser-dm","channel:37346262633165632D663538392D346531322D393531372D303934343933323962393439","channel:62726F777365722D67656E6572616C"],"limit":100}

[alice-moderation:ws:received] {"type":"unread_counts","server_id":"browser-server","counts":[]}

[alice-moderation:ws:received] {"type":"channel_list","server_id":"browser-server","channels":[{"id":"browser-general","conversation_id":"channel:62726F777365722D67656E6572616C","server_id":"browser-server","name":"#general","topic":"","member_count":0,"position":0,"is_private":false,"channel_type":"text","archived":false,"slowmode_seconds":0,"is_nsfw":false},{"id":"74bbc1ec-f589-4e12-9517-09449329b949","conversation_id":"channel:37346262633165632D663538392D346531322D393531372D303934343933323962393439","server_id":"browser-se

[alice-moderation:ws:received] {"type":"unread_counts","server_id":"browser-server","counts":[]}

[alice-moderation:ws:received] {"type":"sync_snapshot","request_id":"75bdf1f9-db75-417b-bf1a-e0a35f1eebad","snapshot":{"protocol_version":2,"operation_generation":"46dbf294fbbe4e3af2cd6ddd32e97a0d","cursor":"zfq7KLx21stVwhuADqHUdjrkTk2w-dDvSyY_l7ewvdLKxcsBqddcPZHWVax47OIw7uHOPCvP_CGokUkXWHySiUHj7KRV6c9iKW76ChM_6vrahdOSh2xD_aPt8EKbepZznfsAlDHy2K0JS5r1YmPw4BEgNqAHnRWHAhhXeLSxU6U6O0mgWjCxRZDU4q4mpWxuis6ZNUqBwtRwqKzKCDLcpgqtnqw2nWS1wCtupG5DCasXsjGiu2RqQRf6rYNVVjzCLm70YIup1ILrv2p021r4RQz5JGMNJk4KiZazOZdPc9siABfTEWL0NCtw8BDPCPgBrpn

[alice-moderation:ws:received] {"type":"role_list","server_id":"browser-server","version":0,"roles":[{"id":"e535a359-cb7f-4d6c-9451-32aef599c494","server_id":"browser-server","name":"Owner","position":3,"permissions":32636159,"is_default":false},{"id":"75f6531b-4433-4367-bf81-1fd76af041fb","server_id":"browser-server","name":"Admin","position":2,"permissions":130175,"is_default":false},{"id":"3d9d6cf1-a551-43ba-93a4-0b23f81edd22","server_id":"browser-server","name":"Moderator","position":1,"permissions":130097,"is_default":fa

[alice-moderation:ws:sent] {"type":"list_bans","server_id":"browser-server"}

[alice-moderation:ws:sent] {"type":"get_audit_log","server_id":"browser-server"}

[alice-moderation:ws:sent] {"type":"list_automod_rules","server_id":"browser-server"}

[alice-moderation:ws:sent] {"type":"list_bans","server_id":"browser-server"}

[alice-moderation:ws:sent] {"type":"get_audit_log","server_id":"browser-server"}

[alice-moderation:ws:sent] {"type":"list_automod_rules","server_id":"browser-server"}

[alice-moderation:ws:received] {"type":"category_list","server_id":"browser-server","categories":[]}

[alice-moderation:ws:received] {"type":"presence_list","server_id":"browser-server","presences":[{"user_id":"browser-alice","nickname":"alice","status":"online"},{"user_id":"browser-bob","nickname":"bob","status":"offline"},{"user_id":"browser-helper-bot","nickname":"helper-bot","status":"offline"}]}

[alice-moderation:ws:received] {"type":"notification_settings","server_id":"browser-server","settings":[]}

[alice-moderation:ws:received] {"type":"sync_snapshot","request_id":"1f8dcb50-9a5f-43d9-9641-4d810440e309","snapshot":{"protocol_version":2,"operation_generation":"46dbf294fbbe4e3af2cd6ddd32e97a0d","cursor":"vTfKsolQrhg5dG8eVcWWfJRR7l7IkhBHoqQxzIDv0ydrF38QZfE6j9qbKenEKz4XgbONlwX6rVLRx32jFY7CzLfwP0rBGe-KyRUMh--okJPnEjq7woIv6vGQsUzoWcb4ynD1gNBJMdxF05N2JGHazmz2spfdmTwAZtzP-IdgiAqCEzmiy_bVBlcSoJEidUZkwXTFNp86jOgQQG_ncjtNeCxK7FJCzsCvEo0FhmpTnySszQQF3DGvvLYTFZTYXuax2QmpEYpS0trKClnAl0IcicJexWMRB81ZsNjfW47RIkAyErHQbjV2XhsR4-JWte292Vo

[alice-moderation:ws:received] {"type":"ban_list","server_id":"browser-server","bans":[]}

[alice-moderation:ws:received] {"type":"audit_log_entries","server_id":"browser-server","entries":[{"id":"be6c7255-ca54-4bb9-b9c0-fcbd265b8c8e","actor_id":"browser-alice","actor_username_snapshot":"alice","action_type":"forum_tag_create","target_type":"forum_tag","target_id":"7ee096eb-081a-4286-b786-6e478f2c611b","changes":"{\"moderated\":false,\"position\":0}","created_at":"2026-09-06 08:03:01"},{"id":"3113c31a-2197-4a1c-b157-5857858e563d","actor_id":"browser-alice","actor_username_snapshot":"alice","action_type":"forum_tag_

[alice-moderation:ws:received] {"type":"automod_rule_list","server_id":"browser-server","rules":[]}

[alice-moderation:ws:received] {"type":"ban_list","server_id":"browser-server","bans":[]}

[alice-moderation:ws:received] {"type":"audit_log_entries","server_id":"browser-server","entries":[{"id":"be6c7255-ca54-4bb9-b9c0-fcbd265b8c8e","actor_id":"browser-alice","actor_username_snapshot":"alice","action_type":"forum_tag_create","target_type":"forum_tag","target_id":"7ee096eb-081a-4286-b786-6e478f2c611b","changes":"{\"moderated\":false,\"position\":0}","created_at":"2026-09-06 08:03:01"},{"id":"3113c31a-2197-4a1c-b157-5857858e563d","actor_id":"browser-alice","actor_username_snapshot":"alice","action_type":"forum_tag_

[alice-moderation:ws:received] {"type":"automod_rule_list","server_id":"browser-server","rules":[]}

[alice-moderation:ws:sent] {"type":"timeout_member","server_id":"browser-server","user_id":"browser-bob","timeout_until":"2026-09-06T09:03:02.454Z","reason":"journey timeout"}

[alice-moderation:ws:received] {"type":"member_timeout","server_id":"browser-server","user_id":"browser-bob","timeout_until":"2026-09-06T09:03:02.454Z"}

[alice-moderation:ws:sent] {"type":"get_audit_log","server_id":"browser-server"}

[alice-moderation:ws:received] {"type":"audit_log_entries","server_id":"browser-server","entries":[{"id":"3f877fa0-2ffe-4854-b1e3-8d1fce0fb835","actor_id":"browser-alice","actor_username_snapshot":"alice","action_type":"member_timeout","target_type":"user","target_id":"browser-bob","reason":"journey timeout","changes":"{\"timeout_until\":\"2026-09-06T09:03:02.454Z\"}","created_at":"2026-09-06 08:03:02"},{"id":"be6c7255-ca54-4bb9-b9c0-fcbd265b8c8e","actor_id":"browser-alice","actor_username_snapshot":"alice","action_type":"for

[11/15] tests/authenticated/authenticated.spec.ts:619:1 › owner snapshots and instantiates a server template through the real server
tests/authenticated/authenticated.spec.ts:619:1 › owner snapshots and instantiates a server template through the real server
[alice-template:console:debug] [vite] connecting...

[alice-template:ws:received] {"type":"connected"}

[alice-template:console:debug] [vite] connected.

[alice-template:console:info] %cDownload the React DevTools for a better development experience: https://react.dev/link/react-devtools font-weight:bold

[alice-template:ws:sent] {"type":"list_servers"}

[alice-template:ws:sent] {"type":"list_direct_conversations"}

[alice-template:ws:sent] {"type":"get_server_limits"}

[alice-template:ws:sent] {"type":"sync","request_id":"49bfc8ff-7d9b-4876-b933-98993f6276a4","protocol_version":2,"subscriptions":[],"limit":100}

[alice-template:ws:received] {"type":"own_presence","requested_status":"online","effective_status":"online","custom_status":null,"status_emoji":null}

[alice-template:ws:received] {"type":"server_list","servers":[{"id":"browser-server","name":"Browser fixture","member_count":3,"role":"owner","my_permissions":32636159}]}

[alice-template:ws:sent] {"type":"list_channels","server_id":"browser-server"}

[alice-template:ws:sent] {"type":"get_unread_counts","server_id":"browser-server"}

[alice-template:ws:sent] {"type":"list_channels","server_id":"browser-server"}

[alice-template:ws:sent] {"type":"get_unread_counts","server_id":"browser-server"}

[alice-template:ws:received] {"type":"direct_conversation_list","conversations":[{"id":"browser-dm","peer_id":"browser-bob","peer_username":"bob","last_message_at":"2026-09-06 08:02:46.950","unread_count":0}]}

[alice-template:ws:sent] {"type":"sync","request_id":"29a81a9c-fc91-4660-bf34-d1bcff95d34d","protocol_version":2,"subscriptions":["browser-dm"],"limit":100}

[alice-template:ws:received] {"type":"server_limits","max_message_length":4000,"max_file_size_mb":10}

[alice-template:ws:received] {"type":"sync_snapshot","request_id":"49bfc8ff-7d9b-4876-b933-98993f6276a4","snapshot":{"protocol_version":2,"operation_generation":"46dbf294fbbe4e3af2cd6ddd32e97a0d","cursor":"2Z6CD1yZlbnCGSWagZtg_vsDyhiUZubOYIUz0I-MGGrVG54PzowmvcBxfD9nxg1HqZdl407wi18Ro1uuyv_up6HDJ8PPzQ-0QyR9XUU-fiQ89o61TZ-9tnxbwkVI9_XsD5Z3waGDJugAahm0glvi4Bp-H2UP1_jL8lcT46lOK_9Taez8HurUDF9QDzry774mfS2kg3qd1XAplKU3Vuz4gaVOGMQbyzZQHI8Ds_GTq9IdtGgDbiYFbxMz0_f41GE630infK4bfEkAwNnm7dlh7FITQUwzbUiwMc3ohA4drtZbcbLJsN6d-pewjLE7OPW7QyH

[alice-template:ws:received] {"type":"channel_list","server_id":"browser-server","channels":[{"id":"browser-general","conversation_id":"channel:62726F777365722D67656E6572616C","server_id":"browser-server","name":"#general","topic":"","member_count":0,"position":0,"is_private":false,"channel_type":"text","archived":false,"slowmode_seconds":0,"is_nsfw":false},{"id":"74bbc1ec-f589-4e12-9517-09449329b949","conversation_id":"channel:37346262633165632D663538392D346531322D393531372D303934343933323962393439","server_id":"browser-se

[alice-template:ws:sent] {"type":"list_roles","server_id":"browser-server"}

[alice-template:ws:sent] {"type":"list_categories","server_id":"browser-server"}

[alice-template:ws:sent] {"type":"get_presences","server_id":"browser-server"}

[alice-template:ws:sent] {"type":"get_notification_settings","server_id":"browser-server"}

[alice-template:ws:sent] {"type":"sync","request_id":"833f2c64-7c57-4008-be36-be7a35888fb1","protocol_version":2,"subscriptions":["browser-dm","channel:37346262633165632D663538392D346531322D393531372D303934343933323962393439","channel:62726F777365722D67656E6572616C"],"limit":100}

[alice-template:ws:received] {"type":"unread_counts","server_id":"browser-server","counts":[]}

[alice-template:ws:received] {"type":"channel_list","server_id":"browser-server","channels":[{"id":"browser-general","conversation_id":"channel:62726F777365722D67656E6572616C","server_id":"browser-server","name":"#general","topic":"","member_count":0,"position":0,"is_private":false,"channel_type":"text","archived":false,"slowmode_seconds":0,"is_nsfw":false},{"id":"74bbc1ec-f589-4e12-9517-09449329b949","conversation_id":"channel:37346262633165632D663538392D346531322D393531372D303934343933323962393439","server_id":"browser-se

[alice-template:ws:received] {"type":"unread_counts","server_id":"browser-server","counts":[]}

[alice-template:ws:received] {"type":"sync_snapshot","request_id":"29a81a9c-fc91-4660-bf34-d1bcff95d34d","snapshot":{"protocol_version":2,"operation_generation":"46dbf294fbbe4e3af2cd6ddd32e97a0d","cursor":"TksMjBP4WIoWWivFjQPuSNojmLZ1EUoZzXhCNsubmdihb0d-ArC7quXh540a8F_qUYm5ZGnZiff26U0jjFdyY_kQzbTiVQ1PGShnX1I4psdwz50Dh8kI4bN9YmSmje7xZClaFvXxtB-lUZIn-RlBPvgzFY6TxbmWUnQS8Iz4-YKH-Il2n4p0M0W3zVhVeTpTc9YhG8xAOyWvPIfpq6nqPUHdmm0x2pJMkImri_KbaCHMm6f0PMBk47APhZSOVXh12idZh2CidW1qc7Vs-ztHCOFWh3nWtb7QmHRfY8JouSRb6_uhxWc-QXa8l_RSxSpDCEH

[alice-template:ws:sent] {"type":"list_invites","server_id":"browser-server"}

[alice-template:ws:sent] {"type":"list_invites","server_id":"browser-server"}

[alice-template:ws:received] {"type":"role_list","server_id":"browser-server","version":0,"roles":[{"id":"e535a359-cb7f-4d6c-9451-32aef599c494","server_id":"browser-server","name":"Owner","position":3,"permissions":32636159,"is_default":false},{"id":"75f6531b-4433-4367-bf81-1fd76af041fb","server_id":"browser-server","name":"Admin","position":2,"permissions":130175,"is_default":false},{"id":"3d9d6cf1-a551-43ba-93a4-0b23f81edd22","server_id":"browser-server","name":"Moderator","position":1,"permissions":130097,"is_default":fa

[alice-template:ws:received] {"type":"category_list","server_id":"browser-server","categories":[]}

[alice-template:ws:received] {"type":"presence_list","server_id":"browser-server","presences":[{"user_id":"browser-alice","nickname":"alice","status":"online"},{"user_id":"browser-bob","nickname":"bob","status":"offline"},{"user_id":"browser-helper-bot","nickname":"helper-bot","status":"offline"}]}

[alice-template:ws:received] {"type":"notification_settings","server_id":"browser-server","settings":[]}

[alice-template:ws:received] {"type":"sync_snapshot","request_id":"833f2c64-7c57-4008-be36-be7a35888fb1","snapshot":{"protocol_version":2,"operation_generation":"46dbf294fbbe4e3af2cd6ddd32e97a0d","cursor":"PZRRPkaDjGxHmUVG8ZRpBnt10Wjb1QrKhFIUDqFuGqIy5xuO1QBkaaG1xl2sCfFUHdVk4wvgrCQ3vGgwi0rYS6nzQ3BsN1-OBE_EO_w52FtxhwOJHXh9Uaoq_ocCKhEChGf7qFYLRV0dr3frBj7bVo83E-ZRzeYueE6yNdNUNv3fdKYpz2097Z10mwRgbHjQJAEPG-hH-9k1adS51PHYJ2bB5rxkoMeTDRG78VSUTlgVHU6TQue7Wffi6VAg3XsqUQl9bneRzo-2Gu_GyBh_vls8LnafRFW7T8OlyzVnlggO83B2nT2e61xbwLIb6uokhbh

[alice-template:ws:received] {"type":"invite_list","server_id":"browser-server","invites":[]}

[alice-template:ws:sent] {"type":"get_community_settings","server_id":"browser-server"}

[alice-template:ws:sent] {"type":"list_templates","server_id":"browser-server"}

[alice-template:ws:received] {"type":"invite_list","server_id":"browser-server","invites":[]}

[alice-template:ws:received] {"type":"server_community","community":{"server_id":"browser-server","is_discoverable":false}}

[alice-template:ws:received] {"type":"template_list","server_id":"browser-server","templates":[]}

[alice-template:ws:sent] {"type":"create_template","server_id":"browser-server","name":"Fixture template","description":"Authenticated journey"}

[alice-template:ws:received] {"type":"template_update","server_id":"browser-server","template":{"id":"590037bb-583c-414e-bff0-dd9a3db89aad","name":"Fixture template","description":"Authenticated journey","server_id":"browser-server","created_by":"browser-alice","use_count":0,"created_at":"2026-09-06 08:03:03"}}

[alice-template:ws:sent] {"type":"instantiate_template","template_id":"590037bb-583c-414e-bff0-dd9a3db89aad","server_name":"Template copy"}

[alice-template:ws:received] {"type":"template_instantiated","template_id":"590037bb-583c-414e-bff0-dd9a3db89aad","server_id":"b0b24b75-0654-47d5-a97c-1b38fcc53000"}

[alice-template:ws:sent] {"type":"list_servers"}

[alice-template:ws:received] {"type":"server_list","servers":[{"id":"browser-server","name":"Browser fixture","member_count":3,"role":"owner","my_permissions":32636159},{"id":"b0b24b75-0654-47d5-a97c-1b38fcc53000","name":"Template copy","member_count":1,"role":"owner","my_permissions":32636159}]}

[12/15] tests/authenticated/authenticated.spec.ts:642:1 › owner manages multiple servers categories and immediate private visibility
tests/authenticated/authenticated.spec.ts:642:1 › owner manages multiple servers categories and immediate private visibility
[alice-organization:console:debug] [vite] connecting...

[alice-organization:ws:received] {"type":"connected"}

[alice-organization:console:debug] [vite] connected.

[bob-private-visibility:console:debug] [vite] connecting...

[bob-private-visibility:ws:received] {"type":"connected"}

[bob-private-visibility:console:debug] [vite] connected.

[bob-private-visibility:console:info] %cDownload the React DevTools for a better development experience: https://react.dev/link/react-devtools font-weight:bold

[alice-organization:console:info] %cDownload the React DevTools for a better development experience: https://react.dev/link/react-devtools font-weight:bold

[bob-private-visibility:ws:sent] {"type":"list_servers"}

[bob-private-visibility:ws:sent] {"type":"list_direct_conversations"}

[bob-private-visibility:ws:sent] {"type":"get_server_limits"}

[bob-private-visibility:ws:sent] {"type":"sync","request_id":"43892f33-b642-436c-894a-3f3541ef15a2","protocol_version":2,"subscriptions":[],"limit":100}

[bob-private-visibility:ws:received] {"type":"own_presence","requested_status":"online","effective_status":"online","custom_status":null,"status_emoji":null}

[alice-organization:ws:sent] {"type":"list_servers"}

[alice-organization:ws:sent] {"type":"list_direct_conversations"}

[alice-organization:ws:sent] {"type":"get_server_limits"}

[alice-organization:ws:sent] {"type":"sync","request_id":"f6188443-55a5-4f32-8478-4c5ae6ac8cfb","protocol_version":2,"subscriptions":[],"limit":100}

[alice-organization:ws:received] {"type":"own_presence","requested_status":"online","effective_status":"online","custom_status":null,"status_emoji":null}

[bob-private-visibility:ws:received] {"type":"server_list","servers":[{"id":"browser-server","name":"Browser fixture","member_count":3,"role":"member","my_permissions":80913}]}

[bob-private-visibility:ws:sent] {"type":"list_channels","server_id":"browser-server"}

[bob-private-visibility:ws:sent] {"type":"get_unread_counts","server_id":"browser-server"}

[bob-private-visibility:ws:sent] {"type":"list_channels","server_id":"browser-server"}

[bob-private-visibility:ws:sent] {"type":"get_unread_counts","server_id":"browser-server"}

[bob-private-visibility:ws:received] {"type":"direct_conversation_list","conversations":[{"id":"browser-dm","peer_id":"browser-alice","peer_username":"alice","last_message_at":"2026-09-06 08:02:46.950","unread_count":0}]}

[bob-private-visibility:ws:sent] {"type":"sync","request_id":"e55abbe7-3836-442b-a457-d70860bc091d","protocol_version":2,"subscriptions":["browser-dm"],"limit":100}

[bob-private-visibility:ws:received] {"type":"server_limits","max_message_length":4000,"max_file_size_mb":10}

[bob-private-visibility:ws:received] {"type":"sync_snapshot","request_id":"43892f33-b642-436c-894a-3f3541ef15a2","snapshot":{"protocol_version":2,"operation_generation":"46dbf294fbbe4e3af2cd6ddd32e97a0d","cursor":"p4Mpp7idU0-jiZ4v6LgHA9uDZQGjf9fsYIOrOFqlqDbhyRyS4SNNqf9R7mL6JCbJJP-yQ9_KxLP5g_0emtScD7X6nDxt4ADB3XLYKZbdO0J9OytoQ5RoGC4AXhDFP4EptuwO9cWykNGNaLkJ0IOzQCkmIvtSzjTQa8GhKtufFJ3-SfOwo4BZrQlbj6SNWYSfe4cxFTHXn2Yzi6FjFWeRhkcjKOzhftXcKsjJ2nFPYLlkq7wCnp_IgxSIPQrXoy1BDpP6nuV2GcRXMRvKLgxaL9iNl3ydQRa66ctqTzvB0Rc5a1ND7V07A8oFPOtwiCKx3Kc

[bob-private-visibility:ws:received] {"type":"channel_list","server_id":"browser-server","channels":[{"id":"browser-general","conversation_id":"channel:62726F777365722D67656E6572616C","server_id":"browser-server","name":"#general","topic":"","member_count":0,"position":0,"is_private":false,"channel_type":"text","archived":false,"slowmode_seconds":0,"is_nsfw":false},{"id":"74bbc1ec-f589-4e12-9517-09449329b949","conversation_id":"channel:37346262633165632D663538392D346531322D393531372D303934343933323962393439","server_id":"browser-se

[bob-private-visibility:ws:sent] {"type":"list_roles","server_id":"browser-server"}

[bob-private-visibility:ws:sent] {"type":"list_categories","server_id":"browser-server"}

[bob-private-visibility:ws:sent] {"type":"get_presences","server_id":"browser-server"}

[bob-private-visibility:ws:sent] {"type":"get_notification_settings","server_id":"browser-server"}

[bob-private-visibility:ws:sent] {"type":"sync","request_id":"c8946655-5cb2-4d0d-9f09-939eb6c9f4c1","protocol_version":2,"subscriptions":["browser-dm","channel:37346262633165632D663538392D346531322D393531372D303934343933323962393439","channel:62726F777365722D67656E6572616C"],"limit":100}

[bob-private-visibility:ws:received] {"type":"unread_counts","server_id":"browser-server","counts":[]}

[bob-private-visibility:ws:received] {"type":"channel_list","server_id":"browser-server","channels":[{"id":"browser-general","conversation_id":"channel:62726F777365722D67656E6572616C","server_id":"browser-server","name":"#general","topic":"","member_count":0,"position":0,"is_private":false,"channel_type":"text","archived":false,"slowmode_seconds":0,"is_nsfw":false},{"id":"74bbc1ec-f589-4e12-9517-09449329b949","conversation_id":"channel:37346262633165632D663538392D346531322D393531372D303934343933323962393439","server_id":"browser-se

[alice-organization:ws:received] {"type":"server_list","servers":[{"id":"browser-server","name":"Browser fixture","member_count":3,"role":"owner","my_permissions":32636159},{"id":"b0b24b75-0654-47d5-a97c-1b38fcc53000","name":"Template copy","member_count":1,"role":"owner","my_permissions":32636159}]}

[alice-organization:ws:sent] {"type":"list_channels","server_id":"browser-server"}

[alice-organization:ws:sent] {"type":"get_unread_counts","server_id":"browser-server"}

[alice-organization:ws:sent] {"type":"list_channels","server_id":"browser-server"}

[alice-organization:ws:sent] {"type":"get_unread_counts","server_id":"browser-server"}

[alice-organization:ws:received] {"type":"direct_conversation_list","conversations":[{"id":"browser-dm","peer_id":"browser-bob","peer_username":"bob","last_message_at":"2026-09-06 08:02:46.950","unread_count":0}]}

[alice-organization:ws:sent] {"type":"sync","request_id":"8e313768-5092-47c2-b58b-44a03e8217c5","protocol_version":2,"subscriptions":["browser-dm"],"limit":100}

[alice-organization:ws:received] {"type":"server_limits","max_message_length":4000,"max_file_size_mb":10}

[alice-organization:ws:received] {"type":"sync_snapshot","request_id":"f6188443-55a5-4f32-8478-4c5ae6ac8cfb","snapshot":{"protocol_version":2,"operation_generation":"46dbf294fbbe4e3af2cd6ddd32e97a0d","cursor":"73aU0jYDmXEXuz-EnF0pEJlX4wU05lrfjMeTpr_v3yA1-LfOBX5NVl924uJ4P5nG_rfWiQva9Tvzp0FlTElseFWdhhD90hRKPBVGsCAsxtqGgqBzRnW1SpG8DrEi3l3nOfI4VVuVFd8oMJF7lEJebSEpKHhgXe0Y2_A8_LXXId6L3scJyS5koq983WU3f9hsCepEq41vNypUFcyuXOWSoKxu3aBpdgWFbwBZWXxNTQ6IVN83GNR7EoheezkTxlQCTA8-GZ7OULPqQuU2fWZTmdhZ_dDfbwbi526f-Jnqq3vuwL1c5f9h5SCR5qn4nnxBjFP

[alice-organization:ws:received] {"type":"channel_list","server_id":"browser-server","channels":[{"id":"browser-general","conversation_id":"channel:62726F777365722D67656E6572616C","server_id":"browser-server","name":"#general","topic":"","member_count":0,"position":0,"is_private":false,"channel_type":"text","archived":false,"slowmode_seconds":0,"is_nsfw":false},{"id":"74bbc1ec-f589-4e12-9517-09449329b949","conversation_id":"channel:37346262633165632D663538392D346531322D393531372D303934343933323962393439","server_id":"browser-se

[alice-organization:ws:sent] {"type":"list_roles","server_id":"browser-server"}

[alice-organization:ws:sent] {"type":"list_categories","server_id":"browser-server"}

[alice-organization:ws:sent] {"type":"get_presences","server_id":"browser-server"}

[alice-organization:ws:sent] {"type":"get_notification_settings","server_id":"browser-server"}

[alice-organization:ws:sent] {"type":"sync","request_id":"37c6f8cb-225d-40eb-b57f-5c8e574973b6","protocol_version":2,"subscriptions":["browser-dm","channel:37346262633165632D663538392D346531322D393531372D303934343933323962393439","channel:62726F777365722D67656E6572616C"],"limit":100}

[alice-organization:ws:received] {"type":"unread_counts","server_id":"browser-server","counts":[]}

[alice-organization:ws:received] {"type":"channel_list","server_id":"browser-server","channels":[{"id":"browser-general","conversation_id":"channel:62726F777365722D67656E6572616C","server_id":"browser-server","name":"#general","topic":"","member_count":0,"position":0,"is_private":false,"channel_type":"text","archived":false,"slowmode_seconds":0,"is_nsfw":false},{"id":"74bbc1ec-f589-4e12-9517-09449329b949","conversation_id":"channel:37346262633165632D663538392D346531322D393531372D303934343933323962393439","server_id":"browser-se

[alice-organization:ws:received] {"type":"unread_counts","server_id":"browser-server","counts":[]}

[alice-organization:ws:received] {"type":"sync_snapshot","request_id":"8e313768-5092-47c2-b58b-44a03e8217c5","snapshot":{"protocol_version":2,"operation_generation":"46dbf294fbbe4e3af2cd6ddd32e97a0d","cursor":"M28A2YFkHVJOdRFHZYhp6FYWMNDSD9N8IjF1jaoPc4YlbyvsBbeNN99UkhEwOQUDfKQWUI0U7i16bMewYhYIJunzt6vnEOMHElYuSetE-Yz9m_yEsj1Io2odKSOPBmu1t7q7tOO_ZIlmvwxioZTNrIBCeqj8Rnudz4lmDAMV9QF1Lc14TTZWlDvd4oYBaHUW3IPWdaSEwcmtbOshzaOpFWFRJRXjipl3OHX9tF-ILJStjHwz1Qr_ApfwdyZKetqpPqrsNAeLc22m8XYhJ2zFPuzFT6Mtf7KTx6hGHJ1ebSv_esAa_VyW_BYyhfbL80DRy7k

[alice-organization:ws:received] {"type":"role_list","server_id":"browser-server","version":0,"roles":[{"id":"e535a359-cb7f-4d6c-9451-32aef599c494","server_id":"browser-server","name":"Owner","position":3,"permissions":32636159,"is_default":false},{"id":"75f6531b-4433-4367-bf81-1fd76af041fb","server_id":"browser-server","name":"Admin","position":2,"permissions":130175,"is_default":false},{"id":"3d9d6cf1-a551-43ba-93a4-0b23f81edd22","server_id":"browser-server","name":"Moderator","position":1,"permissions":130097,"is_default":fa

[bob-private-visibility:ws:received] {"type":"unread_counts","server_id":"browser-server","counts":[]}

[bob-private-visibility:ws:received] {"type":"sync_snapshot","request_id":"e55abbe7-3836-442b-a457-d70860bc091d","snapshot":{"protocol_version":2,"operation_generation":"46dbf294fbbe4e3af2cd6ddd32e97a0d","cursor":"7xyizMvH0NaKxlP6xJJsWPr683S4Bz5PzDeD47smj72sajDhtg4mRRp83h1xhzZ4adW1glg5OkP1CJ9VYPERC2d3a5iavi6XclAuBhcrYaGO01LtZfaohxsqa4LYnDdPWWedy36O1E5mSFGMy5ks3pVO-A9md0KmR_yTd8DiUFDe42bWuKfqJytNNfWoIbY_NcW1npBQf8tWcjWeyEqupsZoq-wvXxboVm-U9MyS9n-QhgfHjUbHza-YD96MIqGhNl7rhn7ilw1gbepZg49kFm0C0hliwHdwmyk4yhOmHvj0sweHUZ_cCfwEaUqJeDMvNqo

[bob-private-visibility:ws:received] {"type":"role_list","server_id":"browser-server","version":0,"roles":[{"id":"e535a359-cb7f-4d6c-9451-32aef599c494","server_id":"browser-server","name":"Owner","position":3,"permissions":32636159,"is_default":false},{"id":"75f6531b-4433-4367-bf81-1fd76af041fb","server_id":"browser-server","name":"Admin","position":2,"permissions":130175,"is_default":false},{"id":"3d9d6cf1-a551-43ba-93a4-0b23f81edd22","server_id":"browser-server","name":"Moderator","position":1,"permissions":130097,"is_default":fa

[bob-private-visibility:ws:received] {"type":"category_list","server_id":"browser-server","categories":[]}

[bob-private-visibility:ws:received] {"type":"presence_list","server_id":"browser-server","presences":[{"user_id":"browser-alice","nickname":"alice","status":"online"},{"user_id":"browser-bob","nickname":"bob","status":"online"},{"user_id":"browser-helper-bot","nickname":"helper-bot","status":"offline"}]}

[bob-private-visibility:ws:received] {"type":"notification_settings","server_id":"browser-server","settings":[]}

[bob-private-visibility:ws:received] {"type":"sync_snapshot","request_id":"c8946655-5cb2-4d0d-9f09-939eb6c9f4c1","snapshot":{"protocol_version":2,"operation_generation":"46dbf294fbbe4e3af2cd6ddd32e97a0d","cursor":"0roMIHxqPigRct-_w0pQb1peJpMk3atVHPmUdhEFq9E1BvQjF_zbV77CPT3f8I9V35VqM9QAASu_exKBu60uHCiowsqXCVUO8J_ny8dhETLPqLUpMd2kVpyKf9Jhz8S7z84TBenLqGpIoRS0alyCxGuA8Og5QhVlU-9VvN-Lbg0lkmeIXUfKpKBpZZbNe2bEymcv02cJNYBqN-MoCzR1T2GyQKxUbApBT0dC9GNAkvF3HYubBUQdhpbTg2fA7bczyo7lmG1MxisLPYIlizvtjrN0cPwPrivbys55JUBvh0LbMArUTZZiRYhCT_gjs5JL6Pe

[alice-organization:ws:received] {"type":"category_list","server_id":"browser-server","categories":[]}

[alice-organization:ws:received] {"type":"presence_list","server_id":"browser-server","presences":[{"user_id":"browser-alice","nickname":"alice","status":"online"},{"user_id":"browser-bob","nickname":"bob","status":"online"},{"user_id":"browser-helper-bot","nickname":"helper-bot","status":"offline"}]}

[alice-organization:ws:received] {"type":"notification_settings","server_id":"browser-server","settings":[]}

[alice-organization:ws:received] {"type":"sync_snapshot","request_id":"37c6f8cb-225d-40eb-b57f-5c8e574973b6","snapshot":{"protocol_version":2,"operation_generation":"46dbf294fbbe4e3af2cd6ddd32e97a0d","cursor":"37h8vgT9_P8SVazmX4dbw2Js7CuxvhgZwRNKbhKC-ygm-CumTyb11yt3n3bcVz68KuVjdr0LQ17s1Qhh0BRxjIikTDH8w7RfUXv8HPTuvqyryGo67W_I7bPH_VPqDcIiGKepTB8HlEYFz989ccyGiilWtjM_bo2fg466_9d2WXq0A1RhguI-1Y6rkQ2ajtsliaGakBkOLSbq-aru6s7pvhcnZC0VNYYMZ2zcqxAoU-dh0LhAikeFzQGe1NW_ulKnZtk1SWmk-IdaujdJ5AXsvfu7BJAKQXFQ6ROBUMOV5oHY9dTACJkFaFB3ktdi9Midz2O

[alice-organization:ws:sent] {"type":"create_category","server_id":"browser-server","name":"Private work"}

[alice-organization:ws:received] {"type":"category_update","server_id":"browser-server","category":{"id":"6784514b-35ac-45bb-8fb4-a2a0cc14405f","server_id":"browser-server","name":"Private work","position":0}}

[alice-organization:ws:sent] {"type":"list_forum_tags","server_id":"browser-server","channel":"#help-forum"}

[alice-organization:ws:sent] {"type":"list_forum_tags","server_id":"browser-server","channel":"#help-forum"}

[alice-organization:ws:received] {"type":"forum_tag_list","server_id":"browser-server","channel":"#help-forum","tags":[]}

[alice-organization:ws:received] {"type":"forum_tag_list","server_id":"browser-server","channel":"#help-forum","tags":[]}

[alice-organization:ws:sent] {"type":"create_channel","server_id":"browser-server","name":"owners-room","category_id":"6784514b-35ac-45bb-8fb4-a2a0cc14405f","is_private":true,"channel_type":"text"}

[alice-organization:ws:received] {"type":"channel_list","server_id":"browser-server","channels":[{"id":"browser-general","conversation_id":"channel:62726F777365722D67656E6572616C","server_id":"browser-server","name":"#general","topic":"","member_count":0,"position":0,"is_private":false,"channel_type":"text","archived":false,"slowmode_seconds":0,"is_nsfw":false},{"id":"74bbc1ec-f589-4e12-9517-09449329b949","conversation_id":"channel:37346262633165632D663538392D346531322D393531372D303934343933323962393439","server_id":"browser-se

[alice-organization:ws:sent] {"type":"sync","request_id":"f9b3f3e4-8a0e-43a9-a483-2845bd91fc15","protocol_version":2,"subscriptions":["browser-dm","channel:32396436386461642D623937372D343030392D616434372D313737336533386663616439","channel:37346262633165632D663538392D346531322D393531372D303934343933323962393439","channel:62726F777365722D67656E6572616C"],"limit":100}

[alice-organization:ws:received] {"type":"sync_snapshot","request_id":"f9b3f3e4-8a0e-43a9-a483-2845bd91fc15","snapshot":{"protocol_version":2,"operation_generation":"46dbf294fbbe4e3af2cd6ddd32e97a0d","cursor":"X64j8Sf59bL3HR_LkQRxTLCo-3Nr0Wk17vY-l2s-a2SV-8athZ-EyhIJMOMkLQAfOg-zmzR1z86Pp_qzMj5vxg8ZUkINS-Sfhtt5DrTNEhDDC2eUiC0_GyPckNnVdSBRAUVTUreWzwI4mZ_gq1AiDhfGUdlUlkl95B3SgHbOaXCkj_aQUdFBqo4Oxevm982hXy631WoZpRzM05KTVioacVQ__8AUhztkezDEvWBwBWATDNKj78hcWP4RbuLodnpzG9ycAlqATE5ODLfM2JAjd6l99xcoRs_ujJUZnSI_00angLPfo62-qVpuSe29LQYYqDL

[bob-private-visibility:console:debug] [vite] connecting...

[bob-private-visibility:ws:received] {"type":"connected"}

[bob-private-visibility:console:debug] [vite] connected.

[bob-private-visibility:console:info] %cDownload the React DevTools for a better development experience: https://react.dev/link/react-devtools font-weight:bold

[bob-private-visibility:ws:sent] {"type":"list_servers"}

[bob-private-visibility:ws:sent] {"type":"list_direct_conversations"}

[bob-private-visibility:ws:sent] {"type":"get_server_limits"}

[bob-private-visibility:ws:sent] {"type":"sync","request_id":"bbdfe384-9daf-4d83-998c-01a36c29e300","protocol_version":2,"subscriptions":[],"limit":100}

[bob-private-visibility:ws:received] {"type":"own_presence","requested_status":"online","effective_status":"online","custom_status":null,"status_emoji":null}

[bob-private-visibility:ws:received] {"type":"server_list","servers":[{"id":"browser-server","name":"Browser fixture","member_count":3,"role":"member","my_permissions":80913}]}

[bob-private-visibility:ws:sent] {"type":"list_channels","server_id":"browser-server"}

[bob-private-visibility:ws:sent] {"type":"get_unread_counts","server_id":"browser-server"}

[bob-private-visibility:ws:sent] {"type":"list_channels","server_id":"browser-server"}

[bob-private-visibility:ws:sent] {"type":"get_unread_counts","server_id":"browser-server"}

[bob-private-visibility:ws:received] {"type":"direct_conversation_list","conversations":[{"id":"browser-dm","peer_id":"browser-alice","peer_username":"alice","last_message_at":"2026-09-06 08:02:46.950","unread_count":0}]}

[bob-private-visibility:ws:sent] {"type":"sync","request_id":"999353c1-6ab5-4704-9f2a-641544dea3d0","protocol_version":2,"subscriptions":["browser-dm"],"limit":100}

[bob-private-visibility:ws:received] {"type":"server_limits","max_message_length":4000,"max_file_size_mb":10}

[bob-private-visibility:ws:received] {"type":"sync_snapshot","request_id":"bbdfe384-9daf-4d83-998c-01a36c29e300","snapshot":{"protocol_version":2,"operation_generation":"46dbf294fbbe4e3af2cd6ddd32e97a0d","cursor":"IKs0SBiuQY8lRzJqKtT_M5JhI34rzKsUP5eTaL__2Xmf0Y1G_Ukj-_eB31IWXM8N91IwBULDXcSxccQ1YLFur8sGBGV006FPcBQL-_eFBCNkZZbJ1JMp6B2CD1Uo-24SVl3uaAp-PuaaviWEQInX4Tkd2yX03d_aWWJzdb12GJN-wNk5BJGaqnazoP4RG-35fHJLYl-awax6UX3gVP09G1IOckXLDYfQKc1afyhDb6626i7d895uTKH6GwOqMISHVEDAT1BoQ-MBQGgD474YgjiqKmTlW38vWxdksPJCEVgghb2I78gBQEMuPhrCrLLxRR_

[bob-private-visibility:ws:received] {"type":"channel_list","server_id":"browser-server","channels":[{"id":"browser-general","conversation_id":"channel:62726F777365722D67656E6572616C","server_id":"browser-server","name":"#general","topic":"","member_count":0,"position":0,"is_private":false,"channel_type":"text","archived":false,"slowmode_seconds":0,"is_nsfw":false},{"id":"74bbc1ec-f589-4e12-9517-09449329b949","conversation_id":"channel:37346262633165632D663538392D346531322D393531372D303934343933323962393439","server_id":"browser-se

[bob-private-visibility:ws:sent] {"type":"list_roles","server_id":"browser-server"}

[bob-private-visibility:ws:sent] {"type":"list_categories","server_id":"browser-server"}

[bob-private-visibility:ws:sent] {"type":"get_presences","server_id":"browser-server"}

[bob-private-visibility:ws:sent] {"type":"get_notification_settings","server_id":"browser-server"}

[bob-private-visibility:ws:sent] {"type":"sync","request_id":"e28d47d5-a55a-493b-a9cd-9e8d6caeaf36","protocol_version":2,"subscriptions":["browser-dm","channel:37346262633165632D663538392D346531322D393531372D303934343933323962393439","channel:62726F777365722D67656E6572616C"],"limit":100}

[bob-private-visibility:ws:received] {"type":"unread_counts","server_id":"browser-server","counts":[]}

[bob-private-visibility:ws:received] {"type":"channel_list","server_id":"browser-server","channels":[{"id":"browser-general","conversation_id":"channel:62726F777365722D67656E6572616C","server_id":"browser-server","name":"#general","topic":"","member_count":0,"position":0,"is_private":false,"channel_type":"text","archived":false,"slowmode_seconds":0,"is_nsfw":false},{"id":"74bbc1ec-f589-4e12-9517-09449329b949","conversation_id":"channel:37346262633165632D663538392D346531322D393531372D303934343933323962393439","server_id":"browser-se

[bob-private-visibility:ws:sent] {"type":"list_channels","server_id":"browser-server"}

[bob-private-visibility:ws:received] {"type":"unread_counts","server_id":"browser-server","counts":[]}

[bob-private-visibility:ws:received] {"type":"sync_snapshot","request_id":"999353c1-6ab5-4704-9f2a-641544dea3d0","snapshot":{"protocol_version":2,"operation_generation":"46dbf294fbbe4e3af2cd6ddd32e97a0d","cursor":"I7s7tuk89UGU0-PcXONHW8kKu4OLP5CAuCsyS-S4E_qEOhrkXIaBiMxtTMc6YHHv_maiq5K7raq-ne87u7S_R7ociNYNRpOBI3b-c3iKSCARcFO29WMOFu-iNqD4xtM-qiblcjURCcJDyZG7vXBkFYN1NQf9cdFV9Y6Ulm6WpPnEU8ziYgqMt9qlLgjfXzx4O3I_yb01AX9NaGtViKc6Qetg4M0j1s8MDJWIxjxvO7Eba9xQwZREm3B6Dnd6M1zuO74cAKDaVvCyOBATDsHdDAzdSSNnccRs5Yji60gJQr3qhl_-thOPDcPA4dKAhkZj7On

[bob-private-visibility:ws:received] {"type":"role_list","server_id":"browser-server","version":0,"roles":[{"id":"e535a359-cb7f-4d6c-9451-32aef599c494","server_id":"browser-server","name":"Owner","position":3,"permissions":32636159,"is_default":false},{"id":"75f6531b-4433-4367-bf81-1fd76af041fb","server_id":"browser-server","name":"Admin","position":2,"permissions":130175,"is_default":false},{"id":"3d9d6cf1-a551-43ba-93a4-0b23f81edd22","server_id":"browser-server","name":"Moderator","position":1,"permissions":130097,"is_default":fa

[bob-private-visibility:ws:received] {"type":"category_list","server_id":"browser-server","categories":[{"id":"6784514b-35ac-45bb-8fb4-a2a0cc14405f","server_id":"browser-server","name":"Private work","position":0}]}

[bob-private-visibility:ws:received] {"type":"presence_list","server_id":"browser-server","presences":[{"user_id":"browser-alice","nickname":"alice","status":"online"},{"user_id":"browser-bob","nickname":"bob","status":"online"},{"user_id":"browser-helper-bot","nickname":"helper-bot","status":"offline"}]}

[bob-private-visibility:ws:received] {"type":"notification_settings","server_id":"browser-server","settings":[]}

[bob-private-visibility:ws:received] {"type":"sync_snapshot","request_id":"e28d47d5-a55a-493b-a9cd-9e8d6caeaf36","snapshot":{"protocol_version":2,"operation_generation":"46dbf294fbbe4e3af2cd6ddd32e97a0d","cursor":"hDIv_RhRl0VqayEzaQPw6TC6YVdyycEU81LH5z1zhsOpypBxv7KZSKhnpDLP7QSVRXAghxKpHy8TmQ36NinIgjBIOM4vpcAkoLRK-IBcOX1kxZ2QvgBRAP4YO5WnsL1wAJH3IiJ7WMwruSAwGq5wnkeoyeOuJqcMBgjrpgkJeqesqnqhHiSyhRbUiGrrLy0efOMGDgP5kt8oS-_tgOLqPsSiX254yQg1dcuc_YPg6Xg9Fq-NwRMjsWnF2xrpNVyTxCGhadcDUVkGzyeHqM-AEU6fwcbxfhJ83R6_QSPdGTA0Kmyip3CIAe-JBxdgDTjGN3r

[bob-private-visibility:ws:received] {"type":"channel_list","server_id":"browser-server","channels":[{"id":"browser-general","conversation_id":"channel:62726F777365722D67656E6572616C","server_id":"browser-server","name":"#general","topic":"","member_count":0,"position":0,"is_private":false,"channel_type":"text","archived":false,"slowmode_seconds":0,"is_nsfw":false},{"id":"74bbc1ec-f589-4e12-9517-09449329b949","conversation_id":"channel:37346262633165632D663538392D346531322D393531372D303934343933323962393439","server_id":"browser-se

[alice-organization:ws:sent] {"type":"create_server","name":"Second fixture"}

[alice-organization:ws:received] {"type":"server_list","servers":[{"id":"browser-server","name":"Browser fixture","member_count":3,"role":"owner","my_permissions":32636159},{"id":"69c32f12-5d42-4686-9729-2e8d06511d75","name":"Second fixture","member_count":1,"role":"owner","my_permissions":32636159},{"id":"b0b24b75-0654-47d5-a97c-1b38fcc53000","name":"Template copy","member_count":1,"role":"owner","my_permissions":32636159}]}

[alice-organization:ws:sent] {"type":"list_channels","server_id":"69c32f12-5d42-4686-9729-2e8d06511d75"}

[alice-organization:ws:sent] {"type":"get_unread_counts","server_id":"69c32f12-5d42-4686-9729-2e8d06511d75"}

[alice-organization:ws:sent] {"type":"list_channels","server_id":"69c32f12-5d42-4686-9729-2e8d06511d75"}

[alice-organization:ws:sent] {"type":"get_unread_counts","server_id":"69c32f12-5d42-4686-9729-2e8d06511d75"}

[alice-organization:ws:received] {"type":"channel_list","server_id":"69c32f12-5d42-4686-9729-2e8d06511d75","channels":[{"id":"349e41c7-7a71-495c-9c94-5aa880dac0f2","conversation_id":"channel:33343965343163372D376137312D343935632D396339342D356161383830646163306632","server_id":"69c32f12-5d42-4686-9729-2e8d06511d75","name":"#general","topic":"","member_count":0,"position":0,"is_private":false,"channel_type":"text","archived":false,"slowmode_seconds":0,"is_nsfw":false}]}

[alice-organization:ws:sent] {"type":"list_roles","server_id":"69c32f12-5d42-4686-9729-2e8d06511d75"}

[alice-organization:ws:sent] {"type":"list_categories","server_id":"69c32f12-5d42-4686-9729-2e8d06511d75"}

[alice-organization:ws:sent] {"type":"get_presences","server_id":"69c32f12-5d42-4686-9729-2e8d06511d75"}

[alice-organization:ws:sent] {"type":"get_notification_settings","server_id":"69c32f12-5d42-4686-9729-2e8d06511d75"}

[alice-organization:ws:sent] {"type":"sync","request_id":"6462d64c-86b7-4981-95ff-d866f051f0b1","protocol_version":2,"subscriptions":["browser-dm","channel:32396436386461642D623937372D343030392D616434372D313737336533386663616439","channel:33343965343163372D376137312D343935632D396339342D356161383830646163306632","channel:37346262633165632D663538392D346531322D393531372D303934343933323962393439","channel:62726F777365722D67656E6572616C"],"limit":100}

[alice-organization:ws:received] {"type":"unread_counts","server_id":"69c32f12-5d42-4686-9729-2e8d06511d75","counts":[]}

[alice-organization:ws:received] {"type":"channel_list","server_id":"69c32f12-5d42-4686-9729-2e8d06511d75","channels":[{"id":"349e41c7-7a71-495c-9c94-5aa880dac0f2","conversation_id":"channel:33343965343163372D376137312D343935632D396339342D356161383830646163306632","server_id":"69c32f12-5d42-4686-9729-2e8d06511d75","name":"#general","topic":"","member_count":0,"position":0,"is_private":false,"channel_type":"text","archived":false,"slowmode_seconds":0,"is_nsfw":false}]}

[alice-organization:ws:received] {"type":"unread_counts","server_id":"69c32f12-5d42-4686-9729-2e8d06511d75","counts":[]}

[alice-organization:ws:received] {"type":"role_list","server_id":"69c32f12-5d42-4686-9729-2e8d06511d75","version":0,"roles":[{"id":"da6f45d1-ea94-44a0-80d6-5a20b4f83884","server_id":"69c32f12-5d42-4686-9729-2e8d06511d75","name":"Owner","position":3,"permissions":32636159,"is_default":false},{"id":"7965576c-9d68-42ac-99c5-782e3809c7c7","server_id":"69c32f12-5d42-4686-9729-2e8d06511d75","name":"Admin","position":2,"permissions":130175,"is_default":false},{"id":"44387bee-409e-4a6a-be77-5c65712bb0a1","server_id":"69c32f12-5d42-4686

[alice-organization:ws:received] {"type":"category_list","server_id":"69c32f12-5d42-4686-9729-2e8d06511d75","categories":[]}

[alice-organization:ws:received] {"type":"presence_list","server_id":"69c32f12-5d42-4686-9729-2e8d06511d75","presences":[{"user_id":"browser-alice","nickname":"alice","status":"online"}]}

[alice-organization:ws:received] {"type":"notification_settings","server_id":"69c32f12-5d42-4686-9729-2e8d06511d75","settings":[]}

[alice-organization:ws:received] {"type":"sync_snapshot","request_id":"6462d64c-86b7-4981-95ff-d866f051f0b1","snapshot":{"protocol_version":2,"operation_generation":"46dbf294fbbe4e3af2cd6ddd32e97a0d","cursor":"7Zvhi4O0MIK30ZWa_U1UGtCMzNIsMhe2ucTl0uIBVPbOgbDyhu47DSUv1NGNgzqTiT3ayTjAx0jNtN3A50Awi9SDAuUn2z9zarCMwBsFTFQoGH9OeIvJw10c8EOWBN395O3bIyeEjlgVGmPr8f04Nw6TgilvJYdfzp7INtPbqTyLcn_KSnPQ26ol7D0m215_x_5Fl0InQ8Jq9riYbVe1gcqnguTR_ascj2bTJ0MNtUex10EvR9FekrgXysHOqthzAuzam8GnFXkw4hmPPZIIz20AIXhAN5KLKBbT0xIe6PmbmXysyRrwPWLnJh45ashT-eX

[alice-organization:ws:sent] {"type":"delete_server","server_id":"69c32f12-5d42-4686-9729-2e8d06511d75"}

[alice-organization:ws:received] {"type":"server_list","servers":[{"id":"browser-server","name":"Browser fixture","member_count":3,"role":"owner","my_permissions":32636159},{"id":"b0b24b75-0654-47d5-a97c-1b38fcc53000","name":"Template copy","member_count":1,"role":"owner","my_permissions":32636159}]}

[alice-organization:ws:sent] {"type":"list_threads","server_id":"browser-server","channel":"#general"}

[alice-organization:ws:sent] {"type":"list_forum_tags","server_id":"browser-server","channel":"#general"}

[alice-organization:ws:sent] {"type":"get_unread_counts","server_id":"browser-server"}

[alice-organization:ws:sent] {"type":"mark_read","operation_generation":"46dbf294fbbe4e3af2cd6ddd32e97a0d","request_id":"5931aa65-ad10-414f-8cd7-d8b0e9fa04f5","client_message_id":"5931aa65-ad10-414f-8cd7-d8b0e9fa04f5","server_id":"browser-server","channel":"#general","message_id":"c1108192-4f40-471e-9005-d6231517708e"}

[alice-organization:ws:sent] {"type":"list_slash_commands","server_id":"browser-server"}

[alice-organization:ws:sent] {"type":"list_channels","server_id":"browser-server"}

[alice-organization:ws:sent] {"type":"get_unread_counts","server_id":"browser-server"}

[alice-organization:ws:sent] {"type":"join_channel","server_id":"browser-server","channel":"#general"}

[alice-organization:ws:sent] {"type":"get_members","server_id":"browser-server","channel":"#general"}

[alice-organization:ws:sent] {"type":"fetch_history","server_id":"browser-server","channel":"#general","limit":50}

[alice-organization:ws:sent] {"type":"list_threads","server_id":"browser-server","channel":"#general"}

[alice-organization:ws:sent] {"type":"list_forum_tags","server_id":"browser-server","channel":"#general"}

[alice-organization:ws:sent] {"type":"list_slash_commands","server_id":"browser-server"}

[alice-organization:console:error] Failed to load resource: the server responded with a status of 404 (Not Found)

[alice-organization:ws:received] {"type":"thread_list","server_id":"browser-server","channel":"#general","threads":[]}

[alice-organization:ws:received] {"type":"error","code":"INVALID_INPUT","message":"forum tags require a forum channel"}

[alice-organization:console:error] Server error [INVALID_INPUT]: forum tags require a forum channel

[alice-organization:ws:received] {"type":"unread_counts","server_id":"browser-server","counts":[]}

[alice-organization:ws:received] {"type":"command_committed","receipt":{"request_id":"5931aa65-ad10-414f-8cd7-d8b0e9fa04f5","client_message_id":"5931aa65-ad10-414f-8cd7-d8b0e9fa04f5","message_id":"c1108192-4f40-471e-9005-d6231517708e","sequence":"8","entity_version":8,"persisted_at":"2026-09-06T08:03:04.733996757+00:00","replayed":false}}

[alice-organization:ws:received] {"type":"slash_command_list","server_id":"browser-server","commands":[{"id":"browser-command","bot_user_id":"browser-helper-bot","name":"journey","description":"Exercise bot interactions","options":[]}]}

[alice-organization:ws:received] {"type":"channel_list","server_id":"browser-server","channels":[{"id":"browser-general","conversation_id":"channel:62726F777365722D67656E6572616C","server_id":"browser-server","name":"#general","topic":"","member_count":0,"position":0,"is_private":false,"channel_type":"text","archived":false,"slowmode_seconds":0,"is_nsfw":false},{"id":"74bbc1ec-f589-4e12-9517-09449329b949","conversation_id":"channel:37346262633165632D663538392D346531322D393531372D303934343933323962393439","server_id":"browser-se

[alice-organization:ws:received] {"type":"unread_counts","server_id":"browser-server","counts":[]}

[13/15] tests/authenticated/authenticated.spec.ts:691:1 › a member edits profile presence and server identity through settings
tests/authenticated/authenticated.spec.ts:691:1 › a member edits profile presence and server identity through settings
[alice-profile:console:debug] [vite] connecting...

[alice-profile:ws:received] {"type":"connected"}

[alice-profile:console:debug] [vite] connected.

[bob-presence:console:debug] [vite] connecting...

[bob-presence:ws:received] {"type":"connected"}

[bob-presence:console:debug] [vite] connected.

[bob-presence:console:info] %cDownload the React DevTools for a better development experience: https://react.dev/link/react-devtools font-weight:bold

[alice-profile:console:info] %cDownload the React DevTools for a better development experience: https://react.dev/link/react-devtools font-weight:bold

[bob-presence:ws:sent] {"type":"list_servers"}

[bob-presence:ws:sent] {"type":"list_direct_conversations"}

[bob-presence:ws:sent] {"type":"get_server_limits"}

[bob-presence:ws:sent] {"type":"sync","request_id":"0d26936b-d315-419c-98ca-01005aac339e","protocol_version":2,"subscriptions":[],"limit":100}

[alice-profile:ws:sent] {"type":"list_servers"}

[alice-profile:ws:sent] {"type":"list_direct_conversations"}

[alice-profile:ws:sent] {"type":"get_server_limits"}

[alice-profile:ws:sent] {"type":"sync","request_id":"4aede6fc-b61e-4786-8c05-0f7870735768","protocol_version":2,"subscriptions":[],"limit":100}

[bob-presence:ws:received] {"type":"own_presence","requested_status":"online","effective_status":"online","custom_status":null,"status_emoji":null}

[alice-profile:ws:received] {"type":"own_presence","requested_status":"online","effective_status":"online","custom_status":null,"status_emoji":null}

[bob-presence:ws:received] {"type":"server_list","servers":[{"id":"browser-server","name":"Browser fixture","member_count":3,"role":"member","my_permissions":80913}]}

[bob-presence:ws:sent] {"type":"list_channels","server_id":"browser-server"}

[bob-presence:ws:sent] {"type":"get_unread_counts","server_id":"browser-server"}

[bob-presence:ws:sent] {"type":"list_channels","server_id":"browser-server"}

[bob-presence:ws:sent] {"type":"get_unread_counts","server_id":"browser-server"}

[bob-presence:ws:received] {"type":"direct_conversation_list","conversations":[{"id":"browser-dm","peer_id":"browser-alice","peer_username":"alice","last_message_at":"2026-09-06 08:02:46.950","unread_count":0}]}

[bob-presence:ws:sent] {"type":"sync","request_id":"102df4be-dac8-4b50-bf17-3eac68662e7e","protocol_version":2,"subscriptions":["browser-dm"],"limit":100}

[bob-presence:ws:received] {"type":"server_limits","max_message_length":4000,"max_file_size_mb":10}

[bob-presence:ws:received] {"type":"sync_snapshot","request_id":"0d26936b-d315-419c-98ca-01005aac339e","snapshot":{"protocol_version":2,"operation_generation":"46dbf294fbbe4e3af2cd6ddd32e97a0d","cursor":"_Ipx9xNfTzOkPWj29G5qGVt6Op6CNYvTfQCdYQyglMCqJKFvDCCva7cciiWs6DzqUCcw3zk9x-FE4YouGpBjPDhD5dKBvfc-1AGYv2UhksXYxN_ERqORiL4W5O_kv8bVpbb4mFxtXhPheY-_B7OiSQfJ5N78ToCVuN_mNm5W1JkV3LqGHZ8AhpxDGgZLzePdvmP92bMSLi2DpmigTUbQJ2ygMryp8zDS2FDr56gPx_K2hZzbmSHH3xqmE6_FF0L4C53svYNetRUfdCSzNPC44XGfJd0xSb6jBksWFMWdUTmCfaOaYqsnsZtuH9-vlI-yWYc

[bob-presence:ws:received] {"type":"channel_list","server_id":"browser-server","channels":[{"id":"browser-general","conversation_id":"channel:62726F777365722D67656E6572616C","server_id":"browser-server","name":"#general","topic":"","member_count":0,"position":0,"is_private":false,"channel_type":"text","archived":false,"slowmode_seconds":0,"is_nsfw":false},{"id":"74bbc1ec-f589-4e12-9517-09449329b949","conversation_id":"channel:37346262633165632D663538392D346531322D393531372D303934343933323962393439","server_id":"browser-se

[bob-presence:ws:sent] {"type":"list_roles","server_id":"browser-server"}

[bob-presence:ws:sent] {"type":"list_categories","server_id":"browser-server"}

[bob-presence:ws:sent] {"type":"get_presences","server_id":"browser-server"}

[bob-presence:ws:sent] {"type":"get_notification_settings","server_id":"browser-server"}

[bob-presence:ws:sent] {"type":"sync","request_id":"4f4203f9-4e1a-49e0-8acb-e19962258861","protocol_version":2,"subscriptions":["browser-dm","channel:37346262633165632D663538392D346531322D393531372D303934343933323962393439","channel:62726F777365722D67656E6572616C"],"limit":100}

[bob-presence:ws:received] {"type":"unread_counts","server_id":"browser-server","counts":[]}

[bob-presence:ws:received] {"type":"channel_list","server_id":"browser-server","channels":[{"id":"browser-general","conversation_id":"channel:62726F777365722D67656E6572616C","server_id":"browser-server","name":"#general","topic":"","member_count":0,"position":0,"is_private":false,"channel_type":"text","archived":false,"slowmode_seconds":0,"is_nsfw":false},{"id":"74bbc1ec-f589-4e12-9517-09449329b949","conversation_id":"channel:37346262633165632D663538392D346531322D393531372D303934343933323962393439","server_id":"browser-se

[bob-presence:ws:received] {"type":"unread_counts","server_id":"browser-server","counts":[]}

[bob-presence:ws:received] {"type":"sync_snapshot","request_id":"102df4be-dac8-4b50-bf17-3eac68662e7e","snapshot":{"protocol_version":2,"operation_generation":"46dbf294fbbe4e3af2cd6ddd32e97a0d","cursor":"Ji8Wli3N0boTLasfllcU4Nawf0hJkapKyfobwuXATJn6YdF3E_8GFhF1wkKbd1rW7aMUUultYGA7HEmCmI0fcpfW4G7_IJGizk8SQG8haln_EXigxUQyzTrIAiI9nijl2rvprz9ma44P0YkuCY35pjfScE3GA0528IqXQfpmXd7HYpsoSnhBf7IO7BTApM7BMQFhyfLqByVth3crObijZEPhW5HMElI3PR5kWolL-dILZMcQOXmeVFbD55cJzX3CPB92DqHfX-LMCCjPkG3BOYvyE0ztse5FmmOK3OWLoRNHI0mmkuppNWFlJclWDRRl-YL

[alice-profile:ws:received] {"type":"server_list","servers":[{"id":"browser-server","name":"Browser fixture","member_count":3,"role":"owner","my_permissions":32636159},{"id":"b0b24b75-0654-47d5-a97c-1b38fcc53000","name":"Template copy","member_count":1,"role":"owner","my_permissions":32636159}]}

[alice-profile:ws:sent] {"type":"list_channels","server_id":"browser-server"}

[alice-profile:ws:sent] {"type":"get_unread_counts","server_id":"browser-server"}

[alice-profile:ws:sent] {"type":"list_channels","server_id":"browser-server"}

[alice-profile:ws:sent] {"type":"get_unread_counts","server_id":"browser-server"}

[alice-profile:ws:received] {"type":"direct_conversation_list","conversations":[{"id":"browser-dm","peer_id":"browser-bob","peer_username":"bob","last_message_at":"2026-09-06 08:02:46.950","unread_count":0}]}

[alice-profile:ws:sent] {"type":"sync","request_id":"b3621952-c671-4bf5-bebf-e7602c67e0d6","protocol_version":2,"subscriptions":["browser-dm"],"limit":100}

[alice-profile:ws:received] {"type":"server_limits","max_message_length":4000,"max_file_size_mb":10}

[alice-profile:ws:received] {"type":"sync_snapshot","request_id":"4aede6fc-b61e-4786-8c05-0f7870735768","snapshot":{"protocol_version":2,"operation_generation":"46dbf294fbbe4e3af2cd6ddd32e97a0d","cursor":"UzpXJ6_K-GoDszTggoS4ei5bzWR05D3iacDLD_Zdf_iEDYb6jOlCcHk8d5H3BDXr-D54zguY_Cs0URr_mZzYm_xhPk_CmaNGBUaY_yZZlCDIbnUzJ_2Tdq8gnkVHC3okLZzRAP72zYSyP0m0IrBRYcM0p4SQImj7ukSXuCqptK9Y1P4pdjLigYrk7uB8B_3hUI4jm4zchMLguPYPMyE9MJpo46AQ1D5eFy7MRaNXi2rgKkawGzmrep5chZqdCnqt_gs9Oyvy2TqSYFg0Vn7aEHYPhfiANRpj4SMB4gvOm9h1SWgKUA_SFnQKtaWu9bom3dg

[alice-profile:ws:received] {"type":"channel_list","server_id":"browser-server","channels":[{"id":"browser-general","conversation_id":"channel:62726F777365722D67656E6572616C","server_id":"browser-server","name":"#general","topic":"","member_count":0,"position":0,"is_private":false,"channel_type":"text","archived":false,"slowmode_seconds":0,"is_nsfw":false},{"id":"74bbc1ec-f589-4e12-9517-09449329b949","conversation_id":"channel:37346262633165632D663538392D346531322D393531372D303934343933323962393439","server_id":"browser-se

[alice-profile:ws:sent] {"type":"list_roles","server_id":"browser-server"}

[alice-profile:ws:sent] {"type":"list_categories","server_id":"browser-server"}

[alice-profile:ws:sent] {"type":"get_presences","server_id":"browser-server"}

[alice-profile:ws:sent] {"type":"get_notification_settings","server_id":"browser-server"}

[alice-profile:ws:sent] {"type":"sync","request_id":"5dfb9b5a-3249-45d6-8056-9952cd3dc5dd","protocol_version":2,"subscriptions":["browser-dm","channel:32396436386461642D623937372D343030392D616434372D313737336533386663616439","channel:37346262633165632D663538392D346531322D393531372D303934343933323962393439","channel:62726F777365722D67656E6572616C"],"limit":100}

[alice-profile:ws:received] {"type":"unread_counts","server_id":"browser-server","counts":[]}

[alice-profile:ws:received] {"type":"channel_list","server_id":"browser-server","channels":[{"id":"browser-general","conversation_id":"channel:62726F777365722D67656E6572616C","server_id":"browser-server","name":"#general","topic":"","member_count":0,"position":0,"is_private":false,"channel_type":"text","archived":false,"slowmode_seconds":0,"is_nsfw":false},{"id":"74bbc1ec-f589-4e12-9517-09449329b949","conversation_id":"channel:37346262633165632D663538392D346531322D393531372D303934343933323962393439","server_id":"browser-se

[alice-profile:ws:received] {"type":"unread_counts","server_id":"browser-server","counts":[]}

[alice-profile:ws:received] {"type":"sync_snapshot","request_id":"b3621952-c671-4bf5-bebf-e7602c67e0d6","snapshot":{"protocol_version":2,"operation_generation":"46dbf294fbbe4e3af2cd6ddd32e97a0d","cursor":"obkKApd253UwGv1uVy4tAu96aYh2NYvjr8-cZEy5P9xwAoHOLh2_UK-d1Ao0AFSdTAjYm16eNgjrQBdjnd3rIjFo0B0gmIW1EPWsSLBGSteSae_bu62NLfPVB_1_oMDD0ovIW-Fm37IdUhk1oVV0E5zr1OBLTHFrwRwOBGJS0dNu4b2zwHaGFBpcNvDXnuBvzdeNZx85cJOWmJo_t9d-8ECNvVtPGjj_4YdkRj64k53Sv05x_BFp0PepT-QVLoaRYsWiN325CnQlodSSCGgKS1SZGEMMGU9b_sSlUZLKh8dG3vc_2TV7eRSRdBFrWOeSKU2

[alice-profile:ws:received] {"type":"role_list","server_id":"browser-server","version":0,"roles":[{"id":"e535a359-cb7f-4d6c-9451-32aef599c494","server_id":"browser-server","name":"Owner","position":3,"permissions":32636159,"is_default":false},{"id":"75f6531b-4433-4367-bf81-1fd76af041fb","server_id":"browser-server","name":"Admin","position":2,"permissions":130175,"is_default":false},{"id":"3d9d6cf1-a551-43ba-93a4-0b23f81edd22","server_id":"browser-server","name":"Moderator","position":1,"permissions":130097,"is_default":fa

[bob-presence:ws:sent] {"type":"list_channels","server_id":"browser-server"}

[bob-presence:ws:received] {"type":"role_list","server_id":"browser-server","version":0,"roles":[{"id":"e535a359-cb7f-4d6c-9451-32aef599c494","server_id":"browser-server","name":"Owner","position":3,"permissions":32636159,"is_default":false},{"id":"75f6531b-4433-4367-bf81-1fd76af041fb","server_id":"browser-server","name":"Admin","position":2,"permissions":130175,"is_default":false},{"id":"3d9d6cf1-a551-43ba-93a4-0b23f81edd22","server_id":"browser-server","name":"Moderator","position":1,"permissions":130097,"is_default":fa

[bob-presence:ws:received] {"type":"category_list","server_id":"browser-server","categories":[{"id":"6784514b-35ac-45bb-8fb4-a2a0cc14405f","server_id":"browser-server","name":"Private work","position":0}]}

[bob-presence:ws:received] {"type":"presence_list","server_id":"browser-server","presences":[{"user_id":"browser-alice","nickname":"alice","status":"online"},{"user_id":"browser-bob","nickname":"bob","status":"online"},{"user_id":"browser-helper-bot","nickname":"helper-bot","status":"offline"}]}

[bob-presence:ws:received] {"type":"notification_settings","server_id":"browser-server","settings":[]}

[bob-presence:ws:received] {"type":"sync_snapshot","request_id":"4f4203f9-4e1a-49e0-8acb-e19962258861","snapshot":{"protocol_version":2,"operation_generation":"46dbf294fbbe4e3af2cd6ddd32e97a0d","cursor":"virwtsF_YsTMKOu2WJPE0sqCzelF52_PiIzvOHQst7dj2kTU1zPkJCWzjNBp4BflYMJUgrI5CyBroMNTG5I1Mve22Q9SPW1usKuJ7TJQcQgkjH6iVJ65fFW9L7BHtvDioqv37CMsoNSau7KkUXXpNeAW20yKWLQc2oheES2_6YM54U2HmEhCr-eT1XvdfXNt1vCBDAKBUj1CcTMT0A-ihunLcs4ZXxWaFO-N3b_d66GrV5-hJqgu79-F8kOV-OIG6XbzHufawk1zIW3-npzdqH9R_rtpDRVq_FV5UNp0iCGHpJx50M6i9eX78uGH-eHvYlG

[alice-profile:ws:received] {"type":"category_list","server_id":"browser-server","categories":[{"id":"6784514b-35ac-45bb-8fb4-a2a0cc14405f","server_id":"browser-server","name":"Private work","position":0}]}

[alice-profile:ws:received] {"type":"presence_list","server_id":"browser-server","presences":[{"user_id":"browser-alice","nickname":"alice","status":"online"},{"user_id":"browser-bob","nickname":"bob","status":"online"},{"user_id":"browser-helper-bot","nickname":"helper-bot","status":"offline"}]}

[alice-profile:ws:received] {"type":"notification_settings","server_id":"browser-server","settings":[]}

[alice-profile:ws:received] {"type":"sync_snapshot","request_id":"5dfb9b5a-3249-45d6-8056-9952cd3dc5dd","snapshot":{"protocol_version":2,"operation_generation":"46dbf294fbbe4e3af2cd6ddd32e97a0d","cursor":"3RiAz40PFQYlvVxTg0dm7SjawH2RQK2TBK0ykePamvplSf_6ohrfn-tyU_XZhvS8o1Gbb06CJcuw-nEfy0JR5dW-Wnokf9nZ_8H1bHs75PNircdd4EcPap34bzGlU3THUD19z716D11zqm5FEfCBl3rW28Hp_Jmcv461-zmvD4VThoVJ2CwDlYWwxwW1T4XncmK9Ph9_18IL_8jtwBK2reTqdu-ecHjhUlA0F9uVfOEeR3WOx1QeuoFArp_1BV0GDlMgkFw_ZxT4igzITTh1cDIJNsWZflze2MfUf-XIJLVLTBlejvWWvJeKGOKofXJ1Ko5

[bob-presence:ws:sent] {"type":"join_channel","server_id":"browser-server","channel":"#general"}

[bob-presence:ws:sent] {"type":"get_members","server_id":"browser-server","channel":"#general"}

[bob-presence:ws:sent] {"type":"fetch_history","server_id":"browser-server","channel":"#general","limit":50}

[bob-presence:ws:sent] {"type":"list_threads","server_id":"browser-server","channel":"#general"}

[bob-presence:ws:sent] {"type":"list_forum_tags","server_id":"browser-server","channel":"#general"}

[bob-presence:ws:sent] {"type":"mark_read","operation_generation":"46dbf294fbbe4e3af2cd6ddd32e97a0d","request_id":"a80b2372-1aff-4e0c-9ada-5a2cb66e4b7b","client_message_id":"a80b2372-1aff-4e0c-9ada-5a2cb66e4b7b","server_id":"browser-server","channel":"#general","message_id":"c1108192-4f40-471e-9005-d6231517708e"}

[bob-presence:ws:sent] {"type":"list_slash_commands","server_id":"browser-server"}

[bob-presence:ws:sent] {"type":"list_channels","server_id":"browser-server"}

[bob-presence:ws:sent] {"type":"get_unread_counts","server_id":"browser-server"}

[bob-presence:ws:sent] {"type":"join_channel","server_id":"browser-server","channel":"#general"}

[bob-presence:ws:sent] {"type":"get_members","server_id":"browser-server","channel":"#general"}

[bob-presence:ws:sent] {"type":"fetch_history","server_id":"browser-server","channel":"#general","limit":50}

[bob-presence:ws:sent] {"type":"list_threads","server_id":"browser-server","channel":"#general"}

[bob-presence:ws:sent] {"type":"list_forum_tags","server_id":"browser-server","channel":"#general"}

[bob-presence:ws:sent] {"type":"list_slash_commands","server_id":"browser-server"}

[alice-profile:ws:sent] {"type":"list_channels","server_id":"browser-server"}

[bob-presence:ws:received] {"type":"channel_list","server_id":"browser-server","channels":[{"id":"browser-general","conversation_id":"channel:62726F777365722D67656E6572616C","server_id":"browser-server","name":"#general","topic":"","member_count":0,"position":0,"is_private":false,"channel_type":"text","archived":false,"slowmode_seconds":0,"is_nsfw":false},{"id":"74bbc1ec-f589-4e12-9517-09449329b949","conversation_id":"channel:37346262633165632D663538392D346531322D393531372D303934343933323962393439","server_id":"browser-se

[bob-presence:console:error] Failed to load resource: the server responded with a status of 404 (Not Found)

[bob-presence:ws:received] {"type":"join","nickname":"bob","server_id":"browser-server","channel":"#general","user_id":"browser-bob"}

[alice-profile:ws:received] {"type":"channel_list","server_id":"browser-server","channels":[{"id":"browser-general","conversation_id":"channel:62726F777365722D67656E6572616C","server_id":"browser-server","name":"#general","topic":"","member_count":1,"position":0,"is_private":false,"channel_type":"text","archived":false,"slowmode_seconds":0,"is_nsfw":false},{"id":"74bbc1ec-f589-4e12-9517-09449329b949","conversation_id":"channel:37346262633165632D663538392D346531322D393531372D303934343933323962393439","server_id":"browser-se

[bob-presence:ws:received] {"type":"names","server_id":"browser-server","channel":"#general","members":[{"nickname":"bob","user_id":"browser-bob","role_ids":[]}]}

[bob-presence:ws:received] {"type":"names","server_id":"browser-server","channel":"#general","members":[{"nickname":"bob","user_id":"browser-bob","role_ids":[]}]}

[bob-presence:ws:received] {"type":"history","server_id":"browser-server","channel":"#general","messages":[{"id":"c1108192-4f40-471e-9005-d6231517708e","from":"alice","content":"unfurl failure must not block https://example.invalid/concord-preview","timestamp":"2026-09-06T08:02:57.550Z"},{"id":"35eedb66-9427-46b4-a6ee-2e4376050e96","from":"alice","content":"","timestamp":"2026-09-06T08:02:56.240Z","attachments":[{"id":"6a2ab7bd-1b80-40f7-b015-95d42e3bca63","filename":"evidence.txt","content_type":"text/plain","file_size":

[bob-presence:ws:received] {"type":"thread_list","server_id":"browser-server","channel":"#general","threads":[]}

[bob-presence:ws:received] {"type":"error","code":"INVALID_INPUT","message":"forum tags require a forum channel"}

[bob-presence:console:error] Server error [INVALID_INPUT]: forum tags require a forum channel

[alice-profile:ws:sent] {"type":"join_channel","server_id":"browser-server","channel":"#general"}

[alice-profile:ws:sent] {"type":"get_members","server_id":"browser-server","channel":"#general"}

[alice-profile:ws:sent] {"type":"fetch_history","server_id":"browser-server","channel":"#general","limit":50}

[alice-profile:ws:sent] {"type":"list_threads","server_id":"browser-server","channel":"#general"}

[alice-profile:ws:sent] {"type":"list_forum_tags","server_id":"browser-server","channel":"#general"}

[alice-profile:ws:sent] {"type":"mark_read","operation_generation":"46dbf294fbbe4e3af2cd6ddd32e97a0d","request_id":"97a8658a-adcf-4736-bf36-cf45497069e4","client_message_id":"97a8658a-adcf-4736-bf36-cf45497069e4","server_id":"browser-server","channel":"#general","message_id":"c1108192-4f40-471e-9005-d6231517708e"}

[alice-profile:ws:sent] {"type":"list_slash_commands","server_id":"browser-server"}

[alice-profile:ws:sent] {"type":"list_channels","server_id":"browser-server"}

[alice-profile:ws:sent] {"type":"get_unread_counts","server_id":"browser-server"}

[alice-profile:ws:sent] {"type":"join_channel","server_id":"browser-server","channel":"#general"}

[alice-profile:ws:sent] {"type":"get_members","server_id":"browser-server","channel":"#general"}

[alice-profile:ws:sent] {"type":"fetch_history","server_id":"browser-server","channel":"#general","limit":50}

[alice-profile:ws:sent] {"type":"list_threads","server_id":"browser-server","channel":"#general"}

[alice-profile:ws:sent] {"type":"list_forum_tags","server_id":"browser-server","channel":"#general"}

[alice-profile:ws:sent] {"type":"list_slash_commands","server_id":"browser-server"}

[bob-presence:ws:received] {"type":"command_committed","receipt":{"request_id":"a80b2372-1aff-4e0c-9ada-5a2cb66e4b7b","client_message_id":"a80b2372-1aff-4e0c-9ada-5a2cb66e4b7b","message_id":"c1108192-4f40-471e-9005-d6231517708e","sequence":"8","entity_version":7,"persisted_at":"2026-09-06T08:03:05.302356849+00:00","replayed":false}}

[bob-presence:ws:received] {"type":"channel_list","server_id":"browser-server","channels":[{"id":"browser-general","conversation_id":"channel:62726F777365722D67656E6572616C","server_id":"browser-server","name":"#general","topic":"","member_count":1,"position":0,"is_private":false,"channel_type":"text","archived":false,"slowmode_seconds":0,"is_nsfw":false},{"id":"74bbc1ec-f589-4e12-9517-09449329b949","conversation_id":"channel:37346262633165632D663538392D346531322D393531372D303934343933323962393439","server_id":"browser-se

[bob-presence:ws:received] {"type":"unread_counts","server_id":"browser-server","counts":[]}

[bob-presence:ws:received] {"type":"join","nickname":"bob","server_id":"browser-server","channel":"#general","user_id":"browser-bob"}

[bob-presence:ws:received] {"type":"names","server_id":"browser-server","channel":"#general","members":[{"nickname":"bob","user_id":"browser-bob","role_ids":[]}]}

[bob-presence:ws:received] {"type":"names","server_id":"browser-server","channel":"#general","members":[{"nickname":"bob","user_id":"browser-bob","role_ids":[]}]}

[bob-presence:ws:received] {"type":"history","server_id":"browser-server","channel":"#general","messages":[{"id":"c1108192-4f40-471e-9005-d6231517708e","from":"alice","content":"unfurl failure must not block https://example.invalid/concord-preview","timestamp":"2026-09-06T08:02:57.550Z"},{"id":"35eedb66-9427-46b4-a6ee-2e4376050e96","from":"alice","content":"","timestamp":"2026-09-06T08:02:56.240Z","attachments":[{"id":"6a2ab7bd-1b80-40f7-b015-95d42e3bca63","filename":"evidence.txt","content_type":"text/plain","file_size":

[bob-presence:ws:received] {"type":"thread_list","server_id":"browser-server","channel":"#general","threads":[]}

[bob-presence:ws:received] {"type":"error","code":"INVALID_INPUT","message":"forum tags require a forum channel"}

[bob-presence:console:error] Server error [INVALID_INPUT]: forum tags require a forum channel

[bob-presence:ws:received] {"type":"join","nickname":"alice","server_id":"browser-server","channel":"#general","user_id":"browser-alice","role_ids":["e535a359-cb7f-4d6c-9451-32aef599c494"]}

[bob-presence:ws:received] {"type":"join","nickname":"alice","server_id":"browser-server","channel":"#general","user_id":"browser-alice","role_ids":["e535a359-cb7f-4d6c-9451-32aef599c494"]}

[alice-profile:ws:received] {"type":"join","nickname":"alice","server_id":"browser-server","channel":"#general","user_id":"browser-alice","role_ids":["e535a359-cb7f-4d6c-9451-32aef599c494"]}

[alice-profile:console:error] Failed to load resource: the server responded with a status of 404 (Not Found)

[alice-profile:ws:received] {"type":"names","server_id":"browser-server","channel":"#general","members":[{"nickname":"bob","user_id":"browser-bob","role_ids":[]},{"nickname":"alice","user_id":"browser-alice","role_ids":["e535a359-cb7f-4d6c-9451-32aef599c494"]}]}

[alice-profile:ws:received] {"type":"names","server_id":"browser-server","channel":"#general","members":[{"nickname":"bob","user_id":"browser-bob","role_ids":[]},{"nickname":"alice","user_id":"browser-alice","role_ids":["e535a359-cb7f-4d6c-9451-32aef599c494"]}]}

[alice-profile:ws:received] {"type":"history","server_id":"browser-server","channel":"#general","messages":[{"id":"c1108192-4f40-471e-9005-d6231517708e","from":"alice","content":"unfurl failure must not block https://example.invalid/concord-preview","timestamp":"2026-09-06T08:02:57.550Z"},{"id":"35eedb66-9427-46b4-a6ee-2e4376050e96","from":"alice","content":"","timestamp":"2026-09-06T08:02:56.240Z","attachments":[{"id":"6a2ab7bd-1b80-40f7-b015-95d42e3bca63","filename":"evidence.txt","content_type":"text/plain","file_size":

[alice-profile:ws:received] {"type":"thread_list","server_id":"browser-server","channel":"#general","threads":[]}

[alice-profile:ws:received] {"type":"error","code":"INVALID_INPUT","message":"forum tags require a forum channel"}

[alice-profile:console:error] Server error [INVALID_INPUT]: forum tags require a forum channel

[alice-profile:ws:received] {"type":"command_committed","receipt":{"request_id":"97a8658a-adcf-4736-bf36-cf45497069e4","client_message_id":"97a8658a-adcf-4736-bf36-cf45497069e4","message_id":"c1108192-4f40-471e-9005-d6231517708e","sequence":"8","entity_version":8,"persisted_at":"2026-09-06T08:03:05.354951222+00:00","replayed":false}}

[alice-profile:ws:received] {"type":"slash_command_list","server_id":"browser-server","commands":[{"id":"browser-command","bot_user_id":"browser-helper-bot","name":"journey","description":"Exercise bot interactions","options":[]}]}

[alice-profile:ws:received] {"type":"channel_list","server_id":"browser-server","channels":[{"id":"browser-general","conversation_id":"channel:62726F777365722D67656E6572616C","server_id":"browser-server","name":"#general","topic":"","member_count":2,"position":0,"is_private":false,"channel_type":"text","archived":false,"slowmode_seconds":0,"is_nsfw":false},{"id":"74bbc1ec-f589-4e12-9517-09449329b949","conversation_id":"channel:37346262633165632D663538392D346531322D393531372D303934343933323962393439","server_id":"browser-se

[alice-profile:ws:received] {"type":"unread_counts","server_id":"browser-server","counts":[]}

[alice-profile:ws:received] {"type":"join","nickname":"alice","server_id":"browser-server","channel":"#general","user_id":"browser-alice","role_ids":["e535a359-cb7f-4d6c-9451-32aef599c494"]}

[alice-profile:ws:received] {"type":"names","server_id":"browser-server","channel":"#general","members":[{"nickname":"bob","user_id":"browser-bob","role_ids":[]},{"nickname":"alice","user_id":"browser-alice","role_ids":["e535a359-cb7f-4d6c-9451-32aef599c494"]}]}

[alice-profile:ws:received] {"type":"names","server_id":"browser-server","channel":"#general","members":[{"nickname":"bob","user_id":"browser-bob","role_ids":[]},{"nickname":"alice","user_id":"browser-alice","role_ids":["e535a359-cb7f-4d6c-9451-32aef599c494"]}]}

[alice-profile:ws:received] {"type":"history","server_id":"browser-server","channel":"#general","messages":[{"id":"c1108192-4f40-471e-9005-d6231517708e","from":"alice","content":"unfurl failure must not block https://example.invalid/concord-preview","timestamp":"2026-09-06T08:02:57.550Z"},{"id":"35eedb66-9427-46b4-a6ee-2e4376050e96","from":"alice","content":"","timestamp":"2026-09-06T08:02:56.240Z","attachments":[{"id":"6a2ab7bd-1b80-40f7-b015-95d42e3bca63","filename":"evidence.txt","content_type":"text/plain","file_size":

[alice-profile:ws:received] {"type":"thread_list","server_id":"browser-server","channel":"#general","threads":[]}

[alice-profile:ws:received] {"type":"error","code":"INVALID_INPUT","message":"forum tags require a forum channel"}

[alice-profile:console:error] Server error [INVALID_INPUT]: forum tags require a forum channel

[alice-profile:ws:received] {"type":"slash_command_list","server_id":"browser-server","commands":[{"id":"browser-command","bot_user_id":"browser-helper-bot","name":"journey","description":"Exercise bot interactions","options":[]}]}

[bob-presence:ws:sent] {"type":"get_user_profile","user_id":"browser-alice"}

[bob-presence:ws:received] {"type":"user_profile","profile":{"user_id":"browser-alice","username":"alice","created_at":"2026-09-06 08:02:38"}}

[alice-profile:console:error] Failed to load resource: the server responded with a status of 404 (Not Found)

[alice-profile:console:error] Failed to load resource: the server responded with a status of 404 (Not Found)

[bob-presence:ws:received] {"type":"user_profile","profile":{"user_id":"browser-alice","username":"alice","bio":"Profile edited through the real settings journey","pronouns":"she/her","created_at":"2026-09-06 08:02:38"}}

[alice-profile:ws:received] {"type":"user_profile","profile":{"user_id":"browser-alice","username":"alice","bio":"Profile edited through the real settings journey","pronouns":"she/her","created_at":"2026-09-06 08:02:38"}}

[alice-profile:ws:sent] {"type":"set_presence","status":"idle","custom_status":"Writing tests","status_emoji":"🌙"}

[bob-presence:ws:received] {"type":"presence_update","server_id":"browser-server","presence":{"user_id":"browser-alice","nickname":"alice","status":"idle","custom_status":"Writing tests","status_emoji":"🌙"}}

[alice-profile:ws:received] {"type":"own_presence","requested_status":"idle","effective_status":"idle","custom_status":"Writing tests","status_emoji":"🌙"}

[alice-profile:ws:sent] {"type":"set_server_nickname","server_id":"browser-server","nickname":"Alice Server Alias"}

[bob-presence:ws:received] {"type":"server_nickname_update","server_id":"browser-server","user_id":"browser-alice","nickname":"Alice Server Alias","display_name":"Alice Server Alias","server_avatar_url":null}

[alice-profile:ws:received] {"type":"server_nickname_update","server_id":"browser-server","user_id":"browser-alice","nickname":"Alice Server Alias","display_name":"Alice Server Alias","server_avatar_url":null}

[bob-presence:ws:received] {"type":"server_nickname_update","server_id":"browser-server","user_id":"browser-alice","nickname":"Alice Server Alias","display_name":"Alice Server Alias","server_avatar_url":"/api/uploads/d84d4179-be0d-4ebd-89d0-cd13f054854e"}

[alice-profile:ws:received] {"type":"server_nickname_update","server_id":"browser-server","user_id":"browser-alice","nickname":"Alice Server Alias","display_name":"Alice Server Alias","server_avatar_url":"/api/uploads/d84d4179-be0d-4ebd-89d0-cd13f054854e"}

[alice-profile:ws:sent] {"type":"set_server_nickname","server_id":"browser-server"}

[bob-presence:ws:received] {"type":"server_nickname_update","server_id":"browser-server","user_id":"browser-alice","nickname":null,"display_name":"alice","server_avatar_url":"/api/uploads/d84d4179-be0d-4ebd-89d0-cd13f054854e"}

[alice-profile:ws:received] {"type":"server_nickname_update","server_id":"browser-server","user_id":"browser-alice","nickname":null,"display_name":"alice","server_avatar_url":"/api/uploads/d84d4179-be0d-4ebd-89d0-cd13f054854e"}

[alice-profile:ws:received] {"type":"quit","nickname":"bob","reason":null}

[alice-profile:ws:received] {"type":"presence_update","server_id":"browser-server","presence":{"user_id":"browser-bob","nickname":"bob","status":"offline"}}

[bob-presence:console:debug] [vite] connecting...

[bob-presence:ws:received] {"type":"connected"}

[bob-presence:console:debug] [vite] connected.

[bob-presence:console:info] %cDownload the React DevTools for a better development experience: https://react.dev/link/react-devtools font-weight:bold

[bob-presence:ws:sent] {"type":"list_servers"}

[bob-presence:ws:sent] {"type":"list_direct_conversations"}

[bob-presence:ws:sent] {"type":"get_server_limits"}

[bob-presence:ws:sent] {"type":"sync","request_id":"897b3776-5800-4368-b71f-1038ee21af67","protocol_version":2,"subscriptions":[],"limit":100}

[bob-presence:ws:received] {"type":"own_presence","requested_status":"online","effective_status":"online","custom_status":null,"status_emoji":null}

[bob-presence:ws:received] {"type":"server_list","servers":[{"id":"browser-server","name":"Browser fixture","member_count":3,"role":"member","my_permissions":80913}]}

[bob-presence:ws:sent] {"type":"list_channels","server_id":"browser-server"}

[bob-presence:ws:sent] {"type":"get_unread_counts","server_id":"browser-server"}

[bob-presence:ws:sent] {"type":"list_channels","server_id":"browser-server"}

[bob-presence:ws:sent] {"type":"get_unread_counts","server_id":"browser-server"}

[bob-presence:ws:received] {"type":"direct_conversation_list","conversations":[{"id":"browser-dm","peer_id":"browser-alice","peer_username":"alice","last_message_at":"2026-09-06 08:02:46.950","unread_count":0}]}

[bob-presence:ws:sent] {"type":"sync","request_id":"79b1348e-77b0-46b5-bf4f-7772a6034708","protocol_version":2,"subscriptions":["browser-dm"],"limit":100}

[bob-presence:ws:received] {"type":"server_limits","max_message_length":4000,"max_file_size_mb":10}

[bob-presence:ws:received] {"type":"sync_snapshot","request_id":"897b3776-5800-4368-b71f-1038ee21af67","snapshot":{"protocol_version":2,"operation_generation":"46dbf294fbbe4e3af2cd6ddd32e97a0d","cursor":"jHc-DJT61KhGHrGZWt7Gh8D0L7wK0tfnfd8PFOhh1DLr4rQf2aB1UJzCF8bNmUUlWAu7JVE-8C8xkuVlezk5VC7IRnyUpSI2Sv7kKEQMGSgz5G3EZRDmXwOLB7F4FDyS5SYI-Qa-OsEcGeknRYPzkKY2tc6hreGRiSBAodJ2jbchBgLN8mL1qo44_jHzZDuGa47dwjWrf__0ypweJqkk9N0ZL_-DXWeWUBrAEY1HkWNrw-1UXy4b2Ou2_1TbdPhJ1v7tjm108NbYlcTfnQronod3RX_CDeNZKP3u9TO8xg_Di_f36UmNTYF10gumpJLClmA

[bob-presence:ws:received] {"type":"channel_list","server_id":"browser-server","channels":[{"id":"browser-general","conversation_id":"channel:62726F777365722D67656E6572616C","server_id":"browser-server","name":"#general","topic":"","member_count":1,"position":0,"is_private":false,"channel_type":"text","archived":false,"slowmode_seconds":0,"is_nsfw":false},{"id":"74bbc1ec-f589-4e12-9517-09449329b949","conversation_id":"channel:37346262633165632D663538392D346531322D393531372D303934343933323962393439","server_id":"browser-se

[bob-presence:ws:sent] {"type":"list_roles","server_id":"browser-server"}

[bob-presence:ws:sent] {"type":"list_categories","server_id":"browser-server"}

[bob-presence:ws:sent] {"type":"get_presences","server_id":"browser-server"}

[bob-presence:ws:sent] {"type":"get_notification_settings","server_id":"browser-server"}

[bob-presence:ws:sent] {"type":"sync","request_id":"66984760-d61d-4ed1-8fcc-2de717943817","protocol_version":2,"subscriptions":["browser-dm","channel:37346262633165632D663538392D346531322D393531372D303934343933323962393439","channel:62726F777365722D67656E6572616C"],"limit":100}

[bob-presence:ws:received] {"type":"unread_counts","server_id":"browser-server","counts":[]}

[bob-presence:ws:received] {"type":"channel_list","server_id":"browser-server","channels":[{"id":"browser-general","conversation_id":"channel:62726F777365722D67656E6572616C","server_id":"browser-server","name":"#general","topic":"","member_count":1,"position":0,"is_private":false,"channel_type":"text","archived":false,"slowmode_seconds":0,"is_nsfw":false},{"id":"74bbc1ec-f589-4e12-9517-09449329b949","conversation_id":"channel:37346262633165632D663538392D346531322D393531372D303934343933323962393439","server_id":"browser-se

[bob-presence:ws:sent] {"type":"list_channels","server_id":"browser-server"}

[bob-presence:ws:received] {"type":"unread_counts","server_id":"browser-server","counts":[]}

[bob-presence:ws:received] {"type":"sync_snapshot","request_id":"79b1348e-77b0-46b5-bf4f-7772a6034708","snapshot":{"protocol_version":2,"operation_generation":"46dbf294fbbe4e3af2cd6ddd32e97a0d","cursor":"U0JJ19wPYJa1EkvxQR0DjAYpzoyfUjqD72bEagTkLqK6SlPF_QxPoQp1_EL9VsN10dO9TsAH62Kh1h1HAPnU_X2_VFO6zg0HP5xmW85nOrpEFgpD9RINpR-eIyoqxB0hqPS9zH7-bkYf5i_Qp_w2ElbHhkjn1YMZD2-otr45lmq0v1R7BiJFq1SPZ4SW8ZMxBpDJI4qLSJanvXxv6eVokRkljhIGLcqSiqmhUiIOFk-U_BsEvW1o3wAWiLlNFJPr6aZJZy5WAe3rEsifW-BzUqZ4Vz8XhCB9zcf-1gI1duLUztfOmoStjx1VkoJtp-mXlA0

[bob-presence:ws:received] {"type":"role_list","server_id":"browser-server","version":0,"roles":[{"id":"e535a359-cb7f-4d6c-9451-32aef599c494","server_id":"browser-server","name":"Owner","position":3,"permissions":32636159,"is_default":false},{"id":"75f6531b-4433-4367-bf81-1fd76af041fb","server_id":"browser-server","name":"Admin","position":2,"permissions":130175,"is_default":false},{"id":"3d9d6cf1-a551-43ba-93a4-0b23f81edd22","server_id":"browser-server","name":"Moderator","position":1,"permissions":130097,"is_default":fa

[bob-presence:ws:received] {"type":"category_list","server_id":"browser-server","categories":[{"id":"6784514b-35ac-45bb-8fb4-a2a0cc14405f","server_id":"browser-server","name":"Private work","position":0}]}

[bob-presence:ws:received] {"type":"presence_list","server_id":"browser-server","presences":[{"user_id":"browser-alice","nickname":"alice","avatar_url":"/api/uploads/d84d4179-be0d-4ebd-89d0-cd13f054854e","status":"idle","custom_status":"Writing tests","status_emoji":"🌙"},{"user_id":"browser-bob","nickname":"bob","status":"online"},{"user_id":"browser-helper-bot","nickname":"helper-bot","status":"offline"}]}

[bob-presence:ws:received] {"type":"notification_settings","server_id":"browser-server","settings":[]}

[bob-presence:ws:received] {"type":"sync_snapshot","request_id":"66984760-d61d-4ed1-8fcc-2de717943817","snapshot":{"protocol_version":2,"operation_generation":"46dbf294fbbe4e3af2cd6ddd32e97a0d","cursor":"SnqtI8IQkexwX6aWA3gKQ_WATSGTYTfJ5bMiz8na8WB-3wEakPhIB8cJeP1Jl2AADRppihvCCpYt3cp6oztKPKndz8LQaU7MsMdP6-tvi3jP1KaiMEYDvefthSUBLQLCjyNl1y01I5T_hMT4JVXqat_W_FjEfExpkGuJmCuFVedyVqnQnzR7vFahI93elWM7wYx0DdnzH2SmTSQopH3xb5pSyLtrQze78MSixMCuUbDb8Ss15LMM24HCcGZAM0vHVlRIQ3QF4mu0Fg84IBUV4Y1lalVLaAXLZunyqzOIWLt1QEoHeXxL_MWtTwbe59Rsdmm

[bob-presence:ws:received] {"type":"channel_list","server_id":"browser-server","channels":[{"id":"browser-general","conversation_id":"channel:62726F777365722D67656E6572616C","server_id":"browser-server","name":"#general","topic":"","member_count":1,"position":0,"is_private":false,"channel_type":"text","archived":false,"slowmode_seconds":0,"is_nsfw":false},{"id":"74bbc1ec-f589-4e12-9517-09449329b949","conversation_id":"channel:37346262633165632D663538392D346531322D393531372D303934343933323962393439","server_id":"browser-se

[alice-profile:ws:received] {"type":"join","nickname":"bob","server_id":"browser-server","channel":"#general","user_id":"browser-bob"}

[alice-profile:ws:received] {"type":"join","nickname":"bob","server_id":"browser-server","channel":"#general","user_id":"browser-bob"}

[bob-presence:ws:sent] {"type":"join_channel","server_id":"browser-server","channel":"#general"}

[bob-presence:ws:sent] {"type":"get_members","server_id":"browser-server","channel":"#general"}

[bob-presence:ws:sent] {"type":"fetch_history","server_id":"browser-server","channel":"#general","limit":50}

[bob-presence:ws:sent] {"type":"list_threads","server_id":"browser-server","channel":"#general"}

[bob-presence:ws:sent] {"type":"list_forum_tags","server_id":"browser-server","channel":"#general"}

[bob-presence:ws:sent] {"type":"mark_read","operation_generation":"46dbf294fbbe4e3af2cd6ddd32e97a0d","request_id":"55b3e682-eb63-4943-8dff-c1d6d2cc6259","client_message_id":"55b3e682-eb63-4943-8dff-c1d6d2cc6259","server_id":"browser-server","channel":"#general","message_id":"c1108192-4f40-471e-9005-d6231517708e"}

[bob-presence:ws:sent] {"type":"list_slash_commands","server_id":"browser-server"}

[bob-presence:ws:sent] {"type":"list_channels","server_id":"browser-server"}

[bob-presence:ws:sent] {"type":"get_unread_counts","server_id":"browser-server"}

[bob-presence:ws:sent] {"type":"join_channel","server_id":"browser-server","channel":"#general"}

[bob-presence:ws:sent] {"type":"get_members","server_id":"browser-server","channel":"#general"}

[bob-presence:ws:sent] {"type":"fetch_history","server_id":"browser-server","channel":"#general","limit":50}

[bob-presence:ws:sent] {"type":"list_threads","server_id":"browser-server","channel":"#general"}

[bob-presence:ws:sent] {"type":"list_forum_tags","server_id":"browser-server","channel":"#general"}

[bob-presence:ws:sent] {"type":"list_slash_commands","server_id":"browser-server"}

[bob-presence:ws:received] {"type":"join","nickname":"bob","server_id":"browser-server","channel":"#general","user_id":"browser-bob"}

[bob-presence:console:error] Failed to load resource: the server responded with a status of 404 (Not Found)

[bob-presence:ws:received] {"type":"names","server_id":"browser-server","channel":"#general","members":[{"nickname":"alice","server_avatar_url":"/api/uploads/d84d4179-be0d-4ebd-89d0-cd13f054854e","user_id":"browser-alice","role_ids":["e535a359-cb7f-4d6c-9451-32aef599c494"]},{"nickname":"bob","user_id":"browser-bob","role_ids":[]}]}

[bob-presence:ws:received] {"type":"names","server_id":"browser-server","channel":"#general","members":[{"nickname":"alice","server_avatar_url":"/api/uploads/d84d4179-be0d-4ebd-89d0-cd13f054854e","user_id":"browser-alice","role_ids":["e535a359-cb7f-4d6c-9451-32aef599c494"]},{"nickname":"bob","user_id":"browser-bob","role_ids":[]}]}

[bob-presence:ws:received] {"type":"history","server_id":"browser-server","channel":"#general","messages":[{"id":"c1108192-4f40-471e-9005-d6231517708e","from":"alice","content":"unfurl failure must not block https://example.invalid/concord-preview","timestamp":"2026-09-06T08:02:57.550Z"},{"id":"35eedb66-9427-46b4-a6ee-2e4376050e96","from":"alice","content":"","timestamp":"2026-09-06T08:02:56.240Z","attachments":[{"id":"6a2ab7bd-1b80-40f7-b015-95d42e3bca63","filename":"evidence.txt","content_type":"text/plain","file_size":

[bob-presence:ws:received] {"type":"thread_list","server_id":"browser-server","channel":"#general","threads":[]}

[bob-presence:ws:received] {"type":"error","code":"INVALID_INPUT","message":"forum tags require a forum channel"}

[bob-presence:console:error] Server error [INVALID_INPUT]: forum tags require a forum channel

[bob-presence:ws:received] {"type":"command_committed","receipt":{"request_id":"55b3e682-eb63-4943-8dff-c1d6d2cc6259","client_message_id":"55b3e682-eb63-4943-8dff-c1d6d2cc6259","message_id":"c1108192-4f40-471e-9005-d6231517708e","sequence":"8","entity_version":7,"persisted_at":"2026-09-06T08:03:06.230149779+00:00","replayed":false}}

[bob-presence:ws:received] {"type":"channel_list","server_id":"browser-server","channels":[{"id":"browser-general","conversation_id":"channel:62726F777365722D67656E6572616C","server_id":"browser-server","name":"#general","topic":"","member_count":2,"position":0,"is_private":false,"channel_type":"text","archived":false,"slowmode_seconds":0,"is_nsfw":false},{"id":"74bbc1ec-f589-4e12-9517-09449329b949","conversation_id":"channel:37346262633165632D663538392D346531322D393531372D303934343933323962393439","server_id":"browser-se

[bob-presence:ws:received] {"type":"unread_counts","server_id":"browser-server","counts":[]}

[bob-presence:ws:received] {"type":"join","nickname":"bob","server_id":"browser-server","channel":"#general","user_id":"browser-bob"}

[bob-presence:ws:received] {"type":"names","server_id":"browser-server","channel":"#general","members":[{"nickname":"alice","server_avatar_url":"/api/uploads/d84d4179-be0d-4ebd-89d0-cd13f054854e","user_id":"browser-alice","role_ids":["e535a359-cb7f-4d6c-9451-32aef599c494"]},{"nickname":"bob","user_id":"browser-bob","role_ids":[]}]}

[bob-presence:ws:received] {"type":"names","server_id":"browser-server","channel":"#general","members":[{"nickname":"alice","server_avatar_url":"/api/uploads/d84d4179-be0d-4ebd-89d0-cd13f054854e","user_id":"browser-alice","role_ids":["e535a359-cb7f-4d6c-9451-32aef599c494"]},{"nickname":"bob","user_id":"browser-bob","role_ids":[]}]}

[bob-presence:ws:received] {"type":"history","server_id":"browser-server","channel":"#general","messages":[{"id":"c1108192-4f40-471e-9005-d6231517708e","from":"alice","content":"unfurl failure must not block https://example.invalid/concord-preview","timestamp":"2026-09-06T08:02:57.550Z"},{"id":"35eedb66-9427-46b4-a6ee-2e4376050e96","from":"alice","content":"","timestamp":"2026-09-06T08:02:56.240Z","attachments":[{"id":"6a2ab7bd-1b80-40f7-b015-95d42e3bca63","filename":"evidence.txt","content_type":"text/plain","file_size":

[bob-presence:ws:received] {"type":"thread_list","server_id":"browser-server","channel":"#general","threads":[]}

[bob-presence:ws:received] {"type":"error","code":"INVALID_INPUT","message":"forum tags require a forum channel"}

[bob-presence:console:error] Server error [INVALID_INPUT]: forum tags require a forum channel

[14/15] tests/authenticated/authenticated.spec.ts:749:1 › owner manages colored role permissions and member assignment
tests/authenticated/authenticated.spec.ts:749:1 › owner manages colored role permissions and member assignment
[alice-roles:console:debug] [vite] connecting...

[bob-roles:console:debug] [vite] connecting...

[alice-roles:ws:received] {"type":"connected"}

[alice-roles:console:debug] [vite] connected.

[bob-roles:ws:received] {"type":"connected"}

[bob-roles:console:debug] [vite] connected.

[alice-roles:console:info] %cDownload the React DevTools for a better development experience: https://react.dev/link/react-devtools font-weight:bold

[bob-roles:console:info] %cDownload the React DevTools for a better development experience: https://react.dev/link/react-devtools font-weight:bold

[alice-roles:ws:sent] {"type":"list_servers"}

[alice-roles:ws:sent] {"type":"list_direct_conversations"}

[alice-roles:ws:sent] {"type":"get_server_limits"}

[alice-roles:ws:sent] {"type":"sync","request_id":"4c07a118-5a7e-4790-88c3-d14cc022595a","protocol_version":2,"subscriptions":[],"limit":100}

[bob-roles:ws:sent] {"type":"list_servers"}

[bob-roles:ws:sent] {"type":"list_direct_conversations"}

[bob-roles:ws:sent] {"type":"get_server_limits"}

[bob-roles:ws:sent] {"type":"sync","request_id":"c2a34784-059b-4f1f-8c04-dd6ed34d0fe9","protocol_version":2,"subscriptions":[],"limit":100}

[alice-roles:ws:received] {"type":"own_presence","requested_status":"idle","effective_status":"idle","custom_status":"Writing tests","status_emoji":"🌙"}

[bob-roles:ws:received] {"type":"own_presence","requested_status":"online","effective_status":"online","custom_status":null,"status_emoji":null}

[alice-roles:ws:received] {"type":"server_list","servers":[{"id":"browser-server","name":"Browser fixture","member_count":3,"role":"owner","my_permissions":32636159},{"id":"b0b24b75-0654-47d5-a97c-1b38fcc53000","name":"Template copy","member_count":1,"role":"owner","my_permissions":32636159}]}

[alice-roles:ws:sent] {"type":"list_channels","server_id":"browser-server"}

[alice-roles:ws:sent] {"type":"get_unread_counts","server_id":"browser-server"}

[alice-roles:ws:sent] {"type":"list_channels","server_id":"browser-server"}

[alice-roles:ws:sent] {"type":"get_unread_counts","server_id":"browser-server"}

[alice-roles:ws:received] {"type":"direct_conversation_list","conversations":[{"id":"browser-dm","peer_id":"browser-bob","peer_username":"bob","last_message_at":"2026-09-06 08:02:46.950","unread_count":0}]}

[alice-roles:ws:sent] {"type":"sync","request_id":"d060b35b-8814-4a6a-809e-9643d8961ede","protocol_version":2,"subscriptions":["browser-dm"],"limit":100}

[bob-roles:ws:received] {"type":"server_list","servers":[{"id":"browser-server","name":"Browser fixture","member_count":3,"role":"member","my_permissions":80913}]}

[bob-roles:ws:sent] {"type":"list_channels","server_id":"browser-server"}

[bob-roles:ws:sent] {"type":"get_unread_counts","server_id":"browser-server"}

[bob-roles:ws:sent] {"type":"list_channels","server_id":"browser-server"}

[bob-roles:ws:sent] {"type":"get_unread_counts","server_id":"browser-server"}

[alice-roles:ws:received] {"type":"server_limits","max_message_length":4000,"max_file_size_mb":10}

[alice-roles:ws:received] {"type":"sync_snapshot","request_id":"4c07a118-5a7e-4790-88c3-d14cc022595a","snapshot":{"protocol_version":2,"operation_generation":"46dbf294fbbe4e3af2cd6ddd32e97a0d","cursor":"pBGzZSjcOzDzmBdf-JLikv-YE3uq_MH9WP4SqOrcWbLbAnU85ZMi5WYtFhgS5ogm_3eYGEkVvWc7RfBgNHmwIyNegXSX3Pyys7y2_bvZXyxgBgQk7tjEPf0II9OzoXzRQmbwcYd6GwWF9RLgdw0JWLBNe4R8C_0fYT-WIJoWkP8vrC3Ebcmz0BnO-KpYc9aprkU3qJzvEcfsS5N-lgjM2aL7JN5ZT4mFuXRycA6YAc9OZzYgR06MLy0ofg5oFljA9bEqES3BEEL2jz38AgBxSQ-xCeTc0XnxVMzZozoWNG8zfRUJVz0qQGJ0SZy5Yr5BcLM

[bob-roles:ws:received] {"type":"direct_conversation_list","conversations":[{"id":"browser-dm","peer_id":"browser-alice","peer_username":"alice","last_message_at":"2026-09-06 08:02:46.950","unread_count":0}]}

[bob-roles:ws:sent] {"type":"sync","request_id":"412abae4-1ac2-43d3-ad93-bf3e6402ac38","protocol_version":2,"subscriptions":["browser-dm"],"limit":100}

[bob-roles:ws:received] {"type":"server_limits","max_message_length":4000,"max_file_size_mb":10}

[bob-roles:ws:received] {"type":"sync_snapshot","request_id":"c2a34784-059b-4f1f-8c04-dd6ed34d0fe9","snapshot":{"protocol_version":2,"operation_generation":"46dbf294fbbe4e3af2cd6ddd32e97a0d","cursor":"CCay2B5OxBl5VzFBFncWp-6cxeZCcOxjxxrqw5mr4MVjCsULFvJRGOmkWQ7DUaDcaOl6RkzHXMnPQ3T6JOKZteOFVdYLq0-Y7p82YKGnK-sVo5XlPP4J_V_ziQ8jwlbiJb1KWJb4H9u4J7y2TMlRB_rp5ZcSFAYucwvyXpsBJyo3Ee4fne-c7sfihRTD_fDwYD2n2l9Z8j59Q9zS4ulfnlxnx1aESlFfn1L_uj9Rv-IwSHbrnmAdOqgWvW8QymR_YJJP9SdKmdvbq3aQPVds6-rHFGJoNLtJ_SODb-ZV3WUAZFqag_mjRutvsuKWfL7uJJZ

[bob-roles:ws:received] {"type":"channel_list","server_id":"browser-server","channels":[{"id":"browser-general","conversation_id":"channel:62726F777365722D67656E6572616C","server_id":"browser-server","name":"#general","topic":"","member_count":0,"position":0,"is_private":false,"channel_type":"text","archived":false,"slowmode_seconds":0,"is_nsfw":false},{"id":"74bbc1ec-f589-4e12-9517-09449329b949","conversation_id":"channel:37346262633165632D663538392D346531322D393531372D303934343933323962393439","server_id":"browser-se

[bob-roles:ws:sent] {"type":"list_roles","server_id":"browser-server"}

[bob-roles:ws:sent] {"type":"list_categories","server_id":"browser-server"}

[bob-roles:ws:sent] {"type":"get_presences","server_id":"browser-server"}

[bob-roles:ws:sent] {"type":"get_notification_settings","server_id":"browser-server"}

[bob-roles:ws:sent] {"type":"sync","request_id":"f3799b0c-6cef-47ca-b244-e7aa96ac5908","protocol_version":2,"subscriptions":["browser-dm","channel:37346262633165632D663538392D346531322D393531372D303934343933323962393439","channel:62726F777365722D67656E6572616C"],"limit":100}

[alice-roles:ws:received] {"type":"channel_list","server_id":"browser-server","channels":[{"id":"browser-general","conversation_id":"channel:62726F777365722D67656E6572616C","server_id":"browser-server","name":"#general","topic":"","member_count":0,"position":0,"is_private":false,"channel_type":"text","archived":false,"slowmode_seconds":0,"is_nsfw":false},{"id":"74bbc1ec-f589-4e12-9517-09449329b949","conversation_id":"channel:37346262633165632D663538392D346531322D393531372D303934343933323962393439","server_id":"browser-se

[alice-roles:ws:sent] {"type":"list_roles","server_id":"browser-server"}

[alice-roles:ws:sent] {"type":"list_categories","server_id":"browser-server"}

[alice-roles:ws:sent] {"type":"get_presences","server_id":"browser-server"}

[alice-roles:ws:sent] {"type":"get_notification_settings","server_id":"browser-server"}

[alice-roles:ws:sent] {"type":"sync","request_id":"8ce23801-3066-4b3d-ba0c-7caf0d1d959f","protocol_version":2,"subscriptions":["browser-dm","channel:32396436386461642D623937372D343030392D616434372D313737336533386663616439","channel:37346262633165632D663538392D346531322D393531372D303934343933323962393439","channel:62726F777365722D67656E6572616C"],"limit":100}

[bob-roles:ws:received] {"type":"unread_counts","server_id":"browser-server","counts":[]}

[alice-roles:ws:received] {"type":"unread_counts","server_id":"browser-server","counts":[]}

[bob-roles:ws:received] {"type":"channel_list","server_id":"browser-server","channels":[{"id":"browser-general","conversation_id":"channel:62726F777365722D67656E6572616C","server_id":"browser-server","name":"#general","topic":"","member_count":0,"position":0,"is_private":false,"channel_type":"text","archived":false,"slowmode_seconds":0,"is_nsfw":false},{"id":"74bbc1ec-f589-4e12-9517-09449329b949","conversation_id":"channel:37346262633165632D663538392D346531322D393531372D303934343933323962393439","server_id":"browser-se

[bob-roles:ws:received] {"type":"unread_counts","server_id":"browser-server","counts":[]}

[alice-roles:ws:received] {"type":"channel_list","server_id":"browser-server","channels":[{"id":"browser-general","conversation_id":"channel:62726F777365722D67656E6572616C","server_id":"browser-server","name":"#general","topic":"","member_count":0,"position":0,"is_private":false,"channel_type":"text","archived":false,"slowmode_seconds":0,"is_nsfw":false},{"id":"74bbc1ec-f589-4e12-9517-09449329b949","conversation_id":"channel:37346262633165632D663538392D346531322D393531372D303934343933323962393439","server_id":"browser-se

[alice-roles:ws:received] {"type":"unread_counts","server_id":"browser-server","counts":[]}

[bob-roles:ws:received] {"type":"sync_snapshot","request_id":"412abae4-1ac2-43d3-ad93-bf3e6402ac38","snapshot":{"protocol_version":2,"operation_generation":"46dbf294fbbe4e3af2cd6ddd32e97a0d","cursor":"a39IFxTtp6Q1fwh8Q76e03V0l1AULPnAZnpMZ4ZIqS8Ie6YQ5A9fVy_yGt_LcHURCoj-a0FVf10W3NdMvmiriHyrBSUR9hivZUWd6ozR83cGWxJIIIgREXm6u8Jztk5oMR6XA5dkiRNusQHDbqEP59ax-CfouQYe9b8KyidcHgH-7d9nLN48irP9iL6EIxs1WtLGr9FcIEfh3z-UPd3ywnV8pGuW41qDYcIPEmxqve2HfXNRAMwFcddtyogx6PDtVkYTyvVXVCXs2aD84r2x2qLEQpDlbTxg00SrFKI-zX-tEJ8rFugYeo6LU-MXHSYLy4Y

[alice-roles:ws:received] {"type":"sync_snapshot","request_id":"d060b35b-8814-4a6a-809e-9643d8961ede","snapshot":{"protocol_version":2,"operation_generation":"46dbf294fbbe4e3af2cd6ddd32e97a0d","cursor":"go-_m11qsNOFu1KtTNykBoLTkEASIrJaKFbA2LmrhmlODQZBffxsvAvwMOKGeNcNQmeWISL5ZvBLgcoJZ1KmT5lnPl4L_v46qE-qZsGEifrpbyPN-TjeuZYONJNlpAEoJQ5SzQeLcUy5d7g8r9YC1Hw7pv_q4r094RrZURthS9ZZOZwmSXGG8Fvpn_c-rjqHjN07r76cKbqKdxR1gNZtAQCIrTDqfzB3Phj9z6uibqHdt8u68QWdvd_5xsTQNTwGHkQhtnBRUtrSU7VFN1yAg1Uop9TeNPX1kkVEiIFfT3bgKIDWcXvqeFsrxj3qE1UntGF

[bob-roles:ws:received] {"type":"role_list","server_id":"browser-server","version":0,"roles":[{"id":"e535a359-cb7f-4d6c-9451-32aef599c494","server_id":"browser-server","name":"Owner","position":3,"permissions":32636159,"is_default":false},{"id":"75f6531b-4433-4367-bf81-1fd76af041fb","server_id":"browser-server","name":"Admin","position":2,"permissions":130175,"is_default":false},{"id":"3d9d6cf1-a551-43ba-93a4-0b23f81edd22","server_id":"browser-server","name":"Moderator","position":1,"permissions":130097,"is_default":fa

[bob-roles:ws:received] {"type":"category_list","server_id":"browser-server","categories":[{"id":"6784514b-35ac-45bb-8fb4-a2a0cc14405f","server_id":"browser-server","name":"Private work","position":0}]}

[bob-roles:ws:received] {"type":"presence_list","server_id":"browser-server","presences":[{"user_id":"browser-alice","nickname":"alice","avatar_url":"/api/uploads/d84d4179-be0d-4ebd-89d0-cd13f054854e","status":"idle","custom_status":"Writing tests","status_emoji":"🌙"},{"user_id":"browser-bob","nickname":"bob","status":"online"},{"user_id":"browser-helper-bot","nickname":"helper-bot","status":"offline"}]}

[bob-roles:ws:received] {"type":"notification_settings","server_id":"browser-server","settings":[]}

[alice-roles:ws:received] {"type":"role_list","server_id":"browser-server","version":0,"roles":[{"id":"e535a359-cb7f-4d6c-9451-32aef599c494","server_id":"browser-server","name":"Owner","position":3,"permissions":32636159,"is_default":false},{"id":"75f6531b-4433-4367-bf81-1fd76af041fb","server_id":"browser-server","name":"Admin","position":2,"permissions":130175,"is_default":false},{"id":"3d9d6cf1-a551-43ba-93a4-0b23f81edd22","server_id":"browser-server","name":"Moderator","position":1,"permissions":130097,"is_default":fa

[bob-roles:ws:received] {"type":"sync_snapshot","request_id":"f3799b0c-6cef-47ca-b244-e7aa96ac5908","snapshot":{"protocol_version":2,"operation_generation":"46dbf294fbbe4e3af2cd6ddd32e97a0d","cursor":"cCxVfcZd3Ym2zVM9Z8dWglyGk2_XWhYe9HIpfkoknwwJhYF4TgJD5AZdUTfZfrpPKUuZDUgzMF7TlPoTT46HDbIDprQuYzQmvjU5PWw3g2XA30rOsqhuiJmVb9uf2OgLccQVzCIxkk3-sThQ_SkF9FndRgHH1yD-4z3BwFG5ZXf9O2x-qdLxk1PGBhydJZGDVT_7r1TcemAmmx4PpUuL67DwxwAu09ov36u1lFjWhzhrU_kboTc0p5IHPDg_Xbf2yUXr_6M61jU2_9nRHShhp0jheA7qTcLGj1R7aJBQlqeL_65xqrOd4LfMqMC9FynFlVJ

[alice-roles:ws:received] {"type":"category_list","server_id":"browser-server","categories":[{"id":"6784514b-35ac-45bb-8fb4-a2a0cc14405f","server_id":"browser-server","name":"Private work","position":0}]}

[alice-roles:ws:received] {"type":"presence_list","server_id":"browser-server","presences":[{"user_id":"browser-alice","nickname":"alice","avatar_url":"/api/uploads/d84d4179-be0d-4ebd-89d0-cd13f054854e","status":"idle","custom_status":"Writing tests","status_emoji":"🌙"},{"user_id":"browser-bob","nickname":"bob","status":"online"},{"user_id":"browser-helper-bot","nickname":"helper-bot","status":"offline"}]}

[alice-roles:ws:received] {"type":"notification_settings","server_id":"browser-server","settings":[]}

[alice-roles:ws:received] {"type":"sync_snapshot","request_id":"8ce23801-3066-4b3d-ba0c-7caf0d1d959f","snapshot":{"protocol_version":2,"operation_generation":"46dbf294fbbe4e3af2cd6ddd32e97a0d","cursor":"3EkDrnAC61DRZKjrrR4y6nRRNxxRJ-6assV1ctt4kYHS6kfzNAjOV-XrS-44FSDoo4kX1S-0sOI_HYBqC4Z34xsyiU4ENnMWjQIykrmE5gIuv4eId4AUxlQlO4U3psHcvEbUxtXjlVSJob1yG_Xg_-TSgpIOl4KM2ELYk59MDp6whDiQZ79TRiW3DXyiDpYGHL6JEVEvjUjApoE-M4UxIarJ8GedjoJI2OtupeyNmIvTWkFHeedS9l2X0F-rJCup9JVlY1KtfcTnkobtSy7CLgl2K90ccYI2zP_yVEBccXbjFqTU7qolNb6ERGz_UfDIhwb

[alice-roles:ws:sent] {"type":"list_channels","server_id":"browser-server"}

[bob-roles:ws:sent] {"type":"list_channels","server_id":"browser-server"}

[bob-roles:ws:received] {"type":"channel_list","server_id":"browser-server","channels":[{"id":"browser-general","conversation_id":"channel:62726F777365722D67656E6572616C","server_id":"browser-server","name":"#general","topic":"","member_count":0,"position":0,"is_private":false,"channel_type":"text","archived":false,"slowmode_seconds":0,"is_nsfw":false},{"id":"74bbc1ec-f589-4e12-9517-09449329b949","conversation_id":"channel:37346262633165632D663538392D346531322D393531372D303934343933323962393439","server_id":"browser-se

[alice-roles:ws:received] {"type":"channel_list","server_id":"browser-server","channels":[{"id":"browser-general","conversation_id":"channel:62726F777365722D67656E6572616C","server_id":"browser-server","name":"#general","topic":"","member_count":0,"position":0,"is_private":false,"channel_type":"text","archived":false,"slowmode_seconds":0,"is_nsfw":false},{"id":"74bbc1ec-f589-4e12-9517-09449329b949","conversation_id":"channel:37346262633165632D663538392D346531322D393531372D303934343933323962393439","server_id":"browser-se

[bob-roles:ws:sent] {"type":"join_channel","server_id":"browser-server","channel":"#general"}

[bob-roles:ws:sent] {"type":"get_members","server_id":"browser-server","channel":"#general"}

[bob-roles:ws:sent] {"type":"fetch_history","server_id":"browser-server","channel":"#general","limit":50}

[bob-roles:ws:sent] {"type":"list_threads","server_id":"browser-server","channel":"#general"}

[bob-roles:ws:sent] {"type":"list_forum_tags","server_id":"browser-server","channel":"#general"}

[bob-roles:ws:sent] {"type":"mark_read","operation_generation":"46dbf294fbbe4e3af2cd6ddd32e97a0d","request_id":"e9fc48e2-99c1-4b36-808e-53f6391bcbc0","client_message_id":"e9fc48e2-99c1-4b36-808e-53f6391bcbc0","server_id":"browser-server","channel":"#general","message_id":"c1108192-4f40-471e-9005-d6231517708e"}

[bob-roles:ws:sent] {"type":"list_slash_commands","server_id":"browser-server"}

[bob-roles:ws:sent] {"type":"list_channels","server_id":"browser-server"}

[bob-roles:ws:sent] {"type":"get_unread_counts","server_id":"browser-server"}

[bob-roles:ws:sent] {"type":"join_channel","server_id":"browser-server","channel":"#general"}

[bob-roles:ws:sent] {"type":"get_members","server_id":"browser-server","channel":"#general"}

[bob-roles:ws:sent] {"type":"fetch_history","server_id":"browser-server","channel":"#general","limit":50}

[bob-roles:ws:sent] {"type":"list_threads","server_id":"browser-server","channel":"#general"}

[bob-roles:ws:sent] {"type":"list_forum_tags","server_id":"browser-server","channel":"#general"}

[bob-roles:ws:sent] {"type":"list_slash_commands","server_id":"browser-server"}

[alice-roles:ws:sent] {"type":"join_channel","server_id":"browser-server","channel":"#general"}

[alice-roles:ws:sent] {"type":"get_members","server_id":"browser-server","channel":"#general"}

[alice-roles:ws:sent] {"type":"fetch_history","server_id":"browser-server","channel":"#general","limit":50}

[alice-roles:ws:sent] {"type":"list_threads","server_id":"browser-server","channel":"#general"}

[alice-roles:ws:sent] {"type":"list_forum_tags","server_id":"browser-server","channel":"#general"}

[alice-roles:ws:sent] {"type":"mark_read","operation_generation":"46dbf294fbbe4e3af2cd6ddd32e97a0d","request_id":"24f5f8f1-91a3-4f77-a2b3-9e1a097b63c4","client_message_id":"24f5f8f1-91a3-4f77-a2b3-9e1a097b63c4","server_id":"browser-server","channel":"#general","message_id":"c1108192-4f40-471e-9005-d6231517708e"}

[alice-roles:ws:sent] {"type":"list_slash_commands","server_id":"browser-server"}

[alice-roles:ws:sent] {"type":"list_channels","server_id":"browser-server"}

[alice-roles:ws:sent] {"type":"get_unread_counts","server_id":"browser-server"}

[alice-roles:ws:sent] {"type":"join_channel","server_id":"browser-server","channel":"#general"}

[alice-roles:ws:sent] {"type":"get_members","server_id":"browser-server","channel":"#general"}

[alice-roles:ws:sent] {"type":"fetch_history","server_id":"browser-server","channel":"#general","limit":50}

[alice-roles:ws:sent] {"type":"list_threads","server_id":"browser-server","channel":"#general"}

[alice-roles:ws:sent] {"type":"list_forum_tags","server_id":"browser-server","channel":"#general"}

[alice-roles:ws:sent] {"type":"list_slash_commands","server_id":"browser-server"}

[bob-roles:ws:received] {"type":"join","nickname":"alice","server_id":"browser-server","channel":"#general","user_id":"browser-alice","server_avatar_url":"/api/uploads/d84d4179-be0d-4ebd-89d0-cd13f054854e","role_ids":["e535a359-cb7f-4d6c-9451-32aef599c494"]}

[alice-roles:ws:received] {"type":"join","nickname":"alice","server_id":"browser-server","channel":"#general","user_id":"browser-alice","server_avatar_url":"/api/uploads/d84d4179-be0d-4ebd-89d0-cd13f054854e","role_ids":["e535a359-cb7f-4d6c-9451-32aef599c494"]}

[bob-roles:console:error] Failed to load resource: the server responded with a status of 404 (Not Found)

[bob-roles:ws:received] {"type":"join","nickname":"bob","server_id":"browser-server","channel":"#general","user_id":"browser-bob"}

[bob-roles:ws:received] {"type":"names","server_id":"browser-server","channel":"#general","members":[{"nickname":"bob","user_id":"browser-bob","role_ids":[]}]}

[alice-roles:console:error] Failed to load resource: the server responded with a status of 404 (Not Found)

[alice-roles:ws:received] {"type":"join","nickname":"bob","server_id":"browser-server","channel":"#general","user_id":"browser-bob"}

[bob-roles:ws:received] {"type":"names","server_id":"browser-server","channel":"#general","members":[{"nickname":"alice","server_avatar_url":"/api/uploads/d84d4179-be0d-4ebd-89d0-cd13f054854e","user_id":"browser-alice","role_ids":["e535a359-cb7f-4d6c-9451-32aef599c494"]},{"nickname":"bob","user_id":"browser-bob","role_ids":[]}]}

[alice-roles:ws:received] {"type":"names","server_id":"browser-server","channel":"#general","members":[{"nickname":"alice","server_avatar_url":"/api/uploads/d84d4179-be0d-4ebd-89d0-cd13f054854e","user_id":"browser-alice","role_ids":["e535a359-cb7f-4d6c-9451-32aef599c494"]},{"nickname":"bob","user_id":"browser-bob","role_ids":[]}]}

[alice-roles:ws:received] {"type":"names","server_id":"browser-server","channel":"#general","members":[{"nickname":"alice","server_avatar_url":"/api/uploads/d84d4179-be0d-4ebd-89d0-cd13f054854e","user_id":"browser-alice","role_ids":["e535a359-cb7f-4d6c-9451-32aef599c494"]},{"nickname":"bob","user_id":"browser-bob","role_ids":[]}]}

[bob-roles:ws:received] {"type":"history","server_id":"browser-server","channel":"#general","messages":[{"id":"c1108192-4f40-471e-9005-d6231517708e","from":"alice","content":"unfurl failure must not block https://example.invalid/concord-preview","timestamp":"2026-09-06T08:02:57.550Z"},{"id":"35eedb66-9427-46b4-a6ee-2e4376050e96","from":"alice","content":"","timestamp":"2026-09-06T08:02:56.240Z","attachments":[{"id":"6a2ab7bd-1b80-40f7-b015-95d42e3bca63","filename":"evidence.txt","content_type":"text/plain","file_size":

[bob-roles:ws:received] {"type":"thread_list","server_id":"browser-server","channel":"#general","threads":[]}

[alice-roles:ws:received] {"type":"history","server_id":"browser-server","channel":"#general","messages":[{"id":"c1108192-4f40-471e-9005-d6231517708e","from":"alice","content":"unfurl failure must not block https://example.invalid/concord-preview","timestamp":"2026-09-06T08:02:57.550Z"},{"id":"35eedb66-9427-46b4-a6ee-2e4376050e96","from":"alice","content":"","timestamp":"2026-09-06T08:02:56.240Z","attachments":[{"id":"6a2ab7bd-1b80-40f7-b015-95d42e3bca63","filename":"evidence.txt","content_type":"text/plain","file_size":

[bob-roles:ws:received] {"type":"error","code":"INVALID_INPUT","message":"forum tags require a forum channel"}

[bob-roles:console:error] Server error [INVALID_INPUT]: forum tags require a forum channel

[alice-roles:ws:received] {"type":"thread_list","server_id":"browser-server","channel":"#general","threads":[]}

[alice-roles:ws:received] {"type":"error","code":"INVALID_INPUT","message":"forum tags require a forum channel"}

[alice-roles:console:error] Server error [INVALID_INPUT]: forum tags require a forum channel

[bob-roles:ws:received] {"type":"command_committed","receipt":{"request_id":"e9fc48e2-99c1-4b36-808e-53f6391bcbc0","client_message_id":"e9fc48e2-99c1-4b36-808e-53f6391bcbc0","message_id":"c1108192-4f40-471e-9005-d6231517708e","sequence":"8","entity_version":7,"persisted_at":"2026-09-06T08:03:06.909465882+00:00","replayed":false}}

[bob-roles:ws:received] {"type":"channel_list","server_id":"browser-server","channels":[{"id":"browser-general","conversation_id":"channel:62726F777365722D67656E6572616C","server_id":"browser-server","name":"#general","topic":"","member_count":2,"position":0,"is_private":false,"channel_type":"text","archived":false,"slowmode_seconds":0,"is_nsfw":false},{"id":"74bbc1ec-f589-4e12-9517-09449329b949","conversation_id":"channel:37346262633165632D663538392D346531322D393531372D303934343933323962393439","server_id":"browser-se

[bob-roles:ws:received] {"type":"join","nickname":"alice","server_id":"browser-server","channel":"#general","user_id":"browser-alice","server_avatar_url":"/api/uploads/d84d4179-be0d-4ebd-89d0-cd13f054854e","role_ids":["e535a359-cb7f-4d6c-9451-32aef599c494"]}

[bob-roles:ws:received] {"type":"unread_counts","server_id":"browser-server","counts":[]}

[bob-roles:ws:received] {"type":"join","nickname":"bob","server_id":"browser-server","channel":"#general","user_id":"browser-bob"}

[bob-roles:ws:received] {"type":"names","server_id":"browser-server","channel":"#general","members":[{"nickname":"alice","server_avatar_url":"/api/uploads/d84d4179-be0d-4ebd-89d0-cd13f054854e","user_id":"browser-alice","role_ids":["e535a359-cb7f-4d6c-9451-32aef599c494"]},{"nickname":"bob","user_id":"browser-bob","role_ids":[]}]}

[alice-roles:ws:received] {"type":"command_committed","receipt":{"request_id":"24f5f8f1-91a3-4f77-a2b3-9e1a097b63c4","client_message_id":"24f5f8f1-91a3-4f77-a2b3-9e1a097b63c4","message_id":"c1108192-4f40-471e-9005-d6231517708e","sequence":"8","entity_version":8,"persisted_at":"2026-09-06T08:03:06.905595466+00:00","replayed":false}}

[bob-roles:ws:received] {"type":"names","server_id":"browser-server","channel":"#general","members":[{"nickname":"alice","server_avatar_url":"/api/uploads/d84d4179-be0d-4ebd-89d0-cd13f054854e","user_id":"browser-alice","role_ids":["e535a359-cb7f-4d6c-9451-32aef599c494"]},{"nickname":"bob","user_id":"browser-bob","role_ids":[]}]}

[alice-roles:ws:received] {"type":"slash_command_list","server_id":"browser-server","commands":[{"id":"browser-command","bot_user_id":"browser-helper-bot","name":"journey","description":"Exercise bot interactions","options":[]}]}

[alice-roles:ws:received] {"type":"channel_list","server_id":"browser-server","channels":[{"id":"browser-general","conversation_id":"channel:62726F777365722D67656E6572616C","server_id":"browser-server","name":"#general","topic":"","member_count":2,"position":0,"is_private":false,"channel_type":"text","archived":false,"slowmode_seconds":0,"is_nsfw":false},{"id":"74bbc1ec-f589-4e12-9517-09449329b949","conversation_id":"channel:37346262633165632D663538392D346531322D393531372D303934343933323962393439","server_id":"browser-se

[alice-roles:ws:received] {"type":"unread_counts","server_id":"browser-server","counts":[]}

[alice-roles:ws:received] {"type":"join","nickname":"alice","server_id":"browser-server","channel":"#general","user_id":"browser-alice","server_avatar_url":"/api/uploads/d84d4179-be0d-4ebd-89d0-cd13f054854e","role_ids":["e535a359-cb7f-4d6c-9451-32aef599c494"]}

[bob-roles:ws:received] {"type":"history","server_id":"browser-server","channel":"#general","messages":[{"id":"c1108192-4f40-471e-9005-d6231517708e","from":"alice","content":"unfurl failure must not block https://example.invalid/concord-preview","timestamp":"2026-09-06T08:02:57.550Z"},{"id":"35eedb66-9427-46b4-a6ee-2e4376050e96","from":"alice","content":"","timestamp":"2026-09-06T08:02:56.240Z","attachments":[{"id":"6a2ab7bd-1b80-40f7-b015-95d42e3bca63","filename":"evidence.txt","content_type":"text/plain","file_size":

[bob-roles:ws:received] {"type":"thread_list","server_id":"browser-server","channel":"#general","threads":[]}

[bob-roles:ws:received] {"type":"error","code":"INVALID_INPUT","message":"forum tags require a forum channel"}

[bob-roles:console:error] Server error [INVALID_INPUT]: forum tags require a forum channel

[alice-roles:ws:received] {"type":"names","server_id":"browser-server","channel":"#general","members":[{"nickname":"alice","server_avatar_url":"/api/uploads/d84d4179-be0d-4ebd-89d0-cd13f054854e","user_id":"browser-alice","role_ids":["e535a359-cb7f-4d6c-9451-32aef599c494"]},{"nickname":"bob","user_id":"browser-bob","role_ids":[]}]}

[alice-roles:ws:received] {"type":"join","nickname":"bob","server_id":"browser-server","channel":"#general","user_id":"browser-bob"}

[alice-roles:ws:received] {"type":"names","server_id":"browser-server","channel":"#general","members":[{"nickname":"alice","server_avatar_url":"/api/uploads/d84d4179-be0d-4ebd-89d0-cd13f054854e","user_id":"browser-alice","role_ids":["e535a359-cb7f-4d6c-9451-32aef599c494"]},{"nickname":"bob","user_id":"browser-bob","role_ids":[]}]}

[alice-roles:ws:received] {"type":"history","server_id":"browser-server","channel":"#general","messages":[{"id":"c1108192-4f40-471e-9005-d6231517708e","from":"alice","content":"unfurl failure must not block https://example.invalid/concord-preview","timestamp":"2026-09-06T08:02:57.550Z"},{"id":"35eedb66-9427-46b4-a6ee-2e4376050e96","from":"alice","content":"","timestamp":"2026-09-06T08:02:56.240Z","attachments":[{"id":"6a2ab7bd-1b80-40f7-b015-95d42e3bca63","filename":"evidence.txt","content_type":"text/plain","file_size":

[alice-roles:ws:received] {"type":"thread_list","server_id":"browser-server","channel":"#general","threads":[]}

[alice-roles:ws:received] {"type":"error","code":"INVALID_INPUT","message":"forum tags require a forum channel"}

[alice-roles:console:error] Server error [INVALID_INPUT]: forum tags require a forum channel

[alice-roles:ws:received] {"type":"slash_command_list","server_id":"browser-server","commands":[{"id":"browser-command","bot_user_id":"browser-helper-bot","name":"journey","description":"Exercise bot interactions","options":[]}]}

[bob-roles:ws:received] {"type":"role_list","server_id":"browser-server","version":1,"roles":[{"id":"881ae72e-6a8d-4d73-9f55-3370512d096d","server_id":"browser-server","name":"Journey role","color":"#7c3aed","position":4,"permissions":0,"is_default":false},{"id":"e535a359-cb7f-4d6c-9451-32aef599c494","server_id":"browser-server","name":"Owner","position":3,"permissions":32636159,"is_default":false},{"id":"75f6531b-4433-4367-bf81-1fd76af041fb","server_id":"browser-server","name":"Admin","position":2,"permissions":130175

[alice-roles:ws:sent] {"type":"create_role","server_id":"browser-server","name":"Journey role","color":"#7c3aed"}

[alice-roles:ws:received] {"type":"role_list","server_id":"browser-server","version":1,"roles":[{"id":"881ae72e-6a8d-4d73-9f55-3370512d096d","server_id":"browser-server","name":"Journey role","color":"#7c3aed","position":4,"permissions":0,"is_default":false},{"id":"e535a359-cb7f-4d6c-9451-32aef599c494","server_id":"browser-server","name":"Owner","position":3,"permissions":32636159,"is_default":false},{"id":"75f6531b-4433-4367-bf81-1fd76af041fb","server_id":"browser-server","name":"Admin","position":2,"permissions":130175

[alice-roles:ws:sent] {"type":"update_role","server_id":"browser-server","role_id":"881ae72e-6a8d-4d73-9f55-3370512d096d","name":"Journey role","color":"#7c3aed","permissions":2}

[bob-roles:ws:received] {"type":"role_list","server_id":"browser-server","version":2,"roles":[{"id":"881ae72e-6a8d-4d73-9f55-3370512d096d","server_id":"browser-server","name":"Journey role","color":"#7c3aed","position":4,"permissions":2,"is_default":false},{"id":"e535a359-cb7f-4d6c-9451-32aef599c494","server_id":"browser-server","name":"Owner","position":3,"permissions":32636159,"is_default":false},{"id":"75f6531b-4433-4367-bf81-1fd76af041fb","server_id":"browser-server","name":"Admin","position":2,"permissions":130175

[alice-roles:ws:received] {"type":"role_list","server_id":"browser-server","version":2,"roles":[{"id":"881ae72e-6a8d-4d73-9f55-3370512d096d","server_id":"browser-server","name":"Journey role","color":"#7c3aed","position":4,"permissions":2,"is_default":false},{"id":"e535a359-cb7f-4d6c-9451-32aef599c494","server_id":"browser-server","name":"Owner","position":3,"permissions":32636159,"is_default":false},{"id":"75f6531b-4433-4367-bf81-1fd76af041fb","server_id":"browser-server","name":"Admin","position":2,"permissions":130175

[alice-roles:ws:sent] {"type":"update_role","server_id":"browser-server","role_id":"881ae72e-6a8d-4d73-9f55-3370512d096d","name":"Purple steward","color":"#7c3aed","permissions":2}

[bob-roles:ws:received] {"type":"role_list","server_id":"browser-server","version":3,"roles":[{"id":"881ae72e-6a8d-4d73-9f55-3370512d096d","server_id":"browser-server","name":"Purple steward","color":"#7c3aed","position":4,"permissions":2,"is_default":false},{"id":"e535a359-cb7f-4d6c-9451-32aef599c494","server_id":"browser-server","name":"Owner","position":3,"permissions":32636159,"is_default":false},{"id":"75f6531b-4433-4367-bf81-1fd76af041fb","server_id":"browser-server","name":"Admin","position":2,"permissions":1301

[alice-roles:ws:received] {"type":"role_list","server_id":"browser-server","version":3,"roles":[{"id":"881ae72e-6a8d-4d73-9f55-3370512d096d","server_id":"browser-server","name":"Purple steward","color":"#7c3aed","position":4,"permissions":2,"is_default":false},{"id":"e535a359-cb7f-4d6c-9451-32aef599c494","server_id":"browser-server","name":"Owner","position":3,"permissions":32636159,"is_default":false},{"id":"75f6531b-4433-4367-bf81-1fd76af041fb","server_id":"browser-server","name":"Admin","position":2,"permissions":1301

[alice-roles:ws:sent] {"type":"assign_role","server_id":"browser-server","user_id":"browser-bob","role_id":"881ae72e-6a8d-4d73-9f55-3370512d096d"}

[bob-roles:ws:received] {"type":"role_list","server_id":"browser-server","version":4,"roles":[{"id":"881ae72e-6a8d-4d73-9f55-3370512d096d","server_id":"browser-server","name":"Purple steward","color":"#7c3aed","position":4,"permissions":2,"is_default":false},{"id":"e535a359-cb7f-4d6c-9451-32aef599c494","server_id":"browser-server","name":"Owner","position":3,"permissions":32636159,"is_default":false},{"id":"75f6531b-4433-4367-bf81-1fd76af041fb","server_id":"browser-server","name":"Admin","position":2,"permissions":1301

[bob-roles:ws:received] {"type":"member_role_update","server_id":"browser-server","version":4,"user_id":"browser-bob","role_ids":["881ae72e-6a8d-4d73-9f55-3370512d096d"]}

[alice-roles:ws:received] {"type":"role_list","server_id":"browser-server","version":4,"roles":[{"id":"881ae72e-6a8d-4d73-9f55-3370512d096d","server_id":"browser-server","name":"Purple steward","color":"#7c3aed","position":4,"permissions":2,"is_default":false},{"id":"e535a359-cb7f-4d6c-9451-32aef599c494","server_id":"browser-server","name":"Owner","position":3,"permissions":32636159,"is_default":false},{"id":"75f6531b-4433-4367-bf81-1fd76af041fb","server_id":"browser-server","name":"Admin","position":2,"permissions":1301

[alice-roles:ws:received] {"type":"member_role_update","server_id":"browser-server","version":4,"user_id":"browser-bob","role_ids":["881ae72e-6a8d-4d73-9f55-3370512d096d"]}

[alice-roles:ws:received] {"type":"quit","nickname":"bob","reason":null}

[alice-roles:ws:received] {"type":"presence_update","server_id":"browser-server","presence":{"user_id":"browser-bob","nickname":"bob","status":"offline"}}

[bob-roles:console:debug] [vite] connecting...

[bob-roles:ws:received] {"type":"connected"}

[bob-roles:console:debug] [vite] connected.

[bob-roles:console:info] %cDownload the React DevTools for a better development experience: https://react.dev/link/react-devtools font-weight:bold

[bob-roles:ws:sent] {"type":"list_servers"}

[bob-roles:ws:sent] {"type":"list_direct_conversations"}

[bob-roles:ws:sent] {"type":"get_server_limits"}

[bob-roles:ws:sent] {"type":"sync","request_id":"64d882dd-e10a-4cf7-b2e2-a7c1e27b473f","protocol_version":2,"subscriptions":[],"limit":100}

[bob-roles:ws:received] {"type":"own_presence","requested_status":"online","effective_status":"online","custom_status":null,"status_emoji":null}

[bob-roles:ws:received] {"type":"server_list","servers":[{"id":"browser-server","name":"Browser fixture","member_count":3,"role":"member","my_permissions":80915}]}

[bob-roles:ws:sent] {"type":"list_channels","server_id":"browser-server"}

[bob-roles:ws:sent] {"type":"get_unread_counts","server_id":"browser-server"}

[bob-roles:ws:sent] {"type":"list_channels","server_id":"browser-server"}

[bob-roles:ws:sent] {"type":"get_unread_counts","server_id":"browser-server"}

[bob-roles:ws:received] {"type":"direct_conversation_list","conversations":[{"id":"browser-dm","peer_id":"browser-alice","peer_username":"alice","last_message_at":"2026-09-06 08:02:46.950","unread_count":0}]}

[bob-roles:ws:sent] {"type":"sync","request_id":"3d4be2f9-73d3-4439-8f4d-857669b3a758","protocol_version":2,"subscriptions":["browser-dm"],"limit":100}

[bob-roles:ws:received] {"type":"server_limits","max_message_length":4000,"max_file_size_mb":10}

[bob-roles:ws:received] {"type":"sync_snapshot","request_id":"64d882dd-e10a-4cf7-b2e2-a7c1e27b473f","snapshot":{"protocol_version":2,"operation_generation":"46dbf294fbbe4e3af2cd6ddd32e97a0d","cursor":"8sX2cEm68RDUoeGIVoGsWaw0DVfi5jG16NczmRvfPtAX1bR_QJVQHUn1Mrr8i1-NpdWFVa6V6pKSq2LXXyx-FWmkGn3V22HtPpgwjZYrNpl1lNsO7s91h91yOttn4L5fjTubKqVFv64dJPIvj9B55XkoLeNLxQfqdJr8873mBSfulSXaSt3H-jugTNBaHC3UoiXFliaGZwUOCle2SPeuede01h3eprRDa3mbv-IOAN4BUATh1hKjxVYgRjdiQX8RwFXHe885yiDkJlxWS8NWnUD05lhHeNlzgDFeKqcbJhnJYZE0WGJbiQ5mJDQ8iqaYmDC

[bob-roles:ws:received] {"type":"channel_list","server_id":"browser-server","channels":[{"id":"browser-general","conversation_id":"channel:62726F777365722D67656E6572616C","server_id":"browser-server","name":"#general","topic":"","member_count":1,"position":0,"is_private":false,"channel_type":"text","archived":false,"slowmode_seconds":0,"is_nsfw":false},{"id":"74bbc1ec-f589-4e12-9517-09449329b949","conversation_id":"channel:37346262633165632D663538392D346531322D393531372D303934343933323962393439","server_id":"browser-se

[bob-roles:ws:sent] {"type":"list_roles","server_id":"browser-server"}

[bob-roles:ws:sent] {"type":"list_categories","server_id":"browser-server"}

[bob-roles:ws:sent] {"type":"get_presences","server_id":"browser-server"}

[bob-roles:ws:sent] {"type":"get_notification_settings","server_id":"browser-server"}

[bob-roles:ws:sent] {"type":"sync","request_id":"e6d7ee81-fd90-4e90-91cb-0963c64c95b0","protocol_version":2,"subscriptions":["browser-dm","channel:37346262633165632D663538392D346531322D393531372D303934343933323962393439","channel:62726F777365722D67656E6572616C"],"limit":100}

[bob-roles:ws:received] {"type":"unread_counts","server_id":"browser-server","counts":[]}

[bob-roles:ws:received] {"type":"channel_list","server_id":"browser-server","channels":[{"id":"browser-general","conversation_id":"channel:62726F777365722D67656E6572616C","server_id":"browser-server","name":"#general","topic":"","member_count":1,"position":0,"is_private":false,"channel_type":"text","archived":false,"slowmode_seconds":0,"is_nsfw":false},{"id":"74bbc1ec-f589-4e12-9517-09449329b949","conversation_id":"channel:37346262633165632D663538392D346531322D393531372D303934343933323962393439","server_id":"browser-se

[bob-roles:ws:received] {"type":"unread_counts","server_id":"browser-server","counts":[]}

[bob-roles:ws:received] {"type":"sync_snapshot","request_id":"3d4be2f9-73d3-4439-8f4d-857669b3a758","snapshot":{"protocol_version":2,"operation_generation":"46dbf294fbbe4e3af2cd6ddd32e97a0d","cursor":"xnlHSkPPsN2p0RKAvrUEtIsRDM_F1IO14oabIE_Ks3BLSDZhqvMisQojz8lzHk2kQVG08cE3mcCENQiXnuXUpWuP4M6uubTfDGLHFrD_o9tWSRL-m7jJvi20MPFoKX3NJhZGTbTgAnWh5hVV_LJudfxllh1P59M1h3K3XNdysdA-BUtTS6TeiOFwwRPc8aPcteU0hV17RoZxzhfby8yF9IEq0h7GxiQN_q_vbt1ei5a9ZZhr1uW1UwvthbZJfLxRS-3G44dIoqmMH481YwaOfQVSqV8e0DvPim6ExPJPqZvKEB-hENp2SULLQpMjgZ8_3yN

[bob-roles:ws:sent] {"type":"list_channels","server_id":"browser-server"}

[bob-roles:ws:received] {"type":"role_list","server_id":"browser-server","version":4,"roles":[{"id":"881ae72e-6a8d-4d73-9f55-3370512d096d","server_id":"browser-server","name":"Purple steward","color":"#7c3aed","position":4,"permissions":2,"is_default":false},{"id":"e535a359-cb7f-4d6c-9451-32aef599c494","server_id":"browser-server","name":"Owner","position":3,"permissions":32636159,"is_default":false},{"id":"75f6531b-4433-4367-bf81-1fd76af041fb","server_id":"browser-server","name":"Admin","position":2,"permissions":1301

[bob-roles:ws:received] {"type":"category_list","server_id":"browser-server","categories":[{"id":"6784514b-35ac-45bb-8fb4-a2a0cc14405f","server_id":"browser-server","name":"Private work","position":0}]}

[bob-roles:ws:received] {"type":"presence_list","server_id":"browser-server","presences":[{"user_id":"browser-alice","nickname":"alice","avatar_url":"/api/uploads/d84d4179-be0d-4ebd-89d0-cd13f054854e","status":"idle","custom_status":"Writing tests","status_emoji":"🌙"},{"user_id":"browser-bob","nickname":"bob","status":"online"},{"user_id":"browser-helper-bot","nickname":"helper-bot","status":"offline"}]}

[bob-roles:ws:received] {"type":"notification_settings","server_id":"browser-server","settings":[]}

[bob-roles:ws:received] {"type":"sync_snapshot","request_id":"e6d7ee81-fd90-4e90-91cb-0963c64c95b0","snapshot":{"protocol_version":2,"operation_generation":"46dbf294fbbe4e3af2cd6ddd32e97a0d","cursor":"rDoovDB1LAGo2Df5BVeeCuaCNkxtIIF3oY_FlVvoH9SNqEbVxFwYah-x8BRK6gMhtApu1Zf7r3mRal05Ti5y14DrpEJvQ0dgquVMvpj5XCmTFkspRrc7PQa85OR-KjxLAzc04dcECEILMfOmEzGYqxrWVpyElwPvg_jj5AKSHL9Wpvpw3TLRqW-Fm4BM_JJ2rZ9gzQMIJf0ObxY6X5b9MEQNPtHQEAK-Itq59LdpuyBKP6GKpXe1UkIfhzM5ra6--W3zWGhV4znvulg9cbpq6IY-c1H6gzNsaw5IvZSKLvrD9epgyv9RjUBdGLYXNXoc-pY

[bob-roles:ws:received] {"type":"channel_list","server_id":"browser-server","channels":[{"id":"browser-general","conversation_id":"channel:62726F777365722D67656E6572616C","server_id":"browser-server","name":"#general","topic":"","member_count":1,"position":0,"is_private":false,"channel_type":"text","archived":false,"slowmode_seconds":0,"is_nsfw":false},{"id":"74bbc1ec-f589-4e12-9517-09449329b949","conversation_id":"channel:37346262633165632D663538392D346531322D393531372D303934343933323962393439","server_id":"browser-se

[alice-roles:ws:received] {"type":"join","nickname":"bob","server_id":"browser-server","channel":"#general","user_id":"browser-bob","role_ids":["881ae72e-6a8d-4d73-9f55-3370512d096d"]}

[bob-roles:ws:sent] {"type":"join_channel","server_id":"browser-server","channel":"#general"}

[bob-roles:ws:sent] {"type":"get_members","server_id":"browser-server","channel":"#general"}

[bob-roles:ws:sent] {"type":"fetch_history","server_id":"browser-server","channel":"#general","limit":50}

[bob-roles:ws:sent] {"type":"list_threads","server_id":"browser-server","channel":"#general"}

[bob-roles:ws:sent] {"type":"list_forum_tags","server_id":"browser-server","channel":"#general"}

[bob-roles:ws:sent] {"type":"mark_read","operation_generation":"46dbf294fbbe4e3af2cd6ddd32e97a0d","request_id":"51121e98-2db8-42bb-96a8-1c59abbf9620","client_message_id":"51121e98-2db8-42bb-96a8-1c59abbf9620","server_id":"browser-server","channel":"#general","message_id":"c1108192-4f40-471e-9005-d6231517708e"}

[bob-roles:ws:sent] {"type":"list_slash_commands","server_id":"browser-server"}

[bob-roles:ws:sent] {"type":"list_channels","server_id":"browser-server"}

[bob-roles:ws:sent] {"type":"get_unread_counts","server_id":"browser-server"}

[bob-roles:ws:sent] {"type":"join_channel","server_id":"browser-server","channel":"#general"}

[bob-roles:ws:sent] {"type":"get_members","server_id":"browser-server","channel":"#general"}

[bob-roles:ws:sent] {"type":"fetch_history","server_id":"browser-server","channel":"#general","limit":50}

[bob-roles:ws:sent] {"type":"list_threads","server_id":"browser-server","channel":"#general"}

[bob-roles:ws:sent] {"type":"list_forum_tags","server_id":"browser-server","channel":"#general"}

[bob-roles:ws:sent] {"type":"list_slash_commands","server_id":"browser-server"}

[alice-roles:ws:received] {"type":"join","nickname":"bob","server_id":"browser-server","channel":"#general","user_id":"browser-bob","role_ids":["881ae72e-6a8d-4d73-9f55-3370512d096d"]}

[bob-roles:ws:received] {"type":"join","nickname":"bob","server_id":"browser-server","channel":"#general","user_id":"browser-bob","role_ids":["881ae72e-6a8d-4d73-9f55-3370512d096d"]}

[bob-roles:console:error] Failed to load resource: the server responded with a status of 404 (Not Found)

[bob-roles:ws:received] {"type":"names","server_id":"browser-server","channel":"#general","members":[{"nickname":"bob","user_id":"browser-bob","role_ids":["881ae72e-6a8d-4d73-9f55-3370512d096d"]},{"nickname":"alice","server_avatar_url":"/api/uploads/d84d4179-be0d-4ebd-89d0-cd13f054854e","user_id":"browser-alice","role_ids":["e535a359-cb7f-4d6c-9451-32aef599c494"]}]}

[bob-roles:ws:received] {"type":"names","server_id":"browser-server","channel":"#general","members":[{"nickname":"bob","user_id":"browser-bob","role_ids":["881ae72e-6a8d-4d73-9f55-3370512d096d"]},{"nickname":"alice","server_avatar_url":"/api/uploads/d84d4179-be0d-4ebd-89d0-cd13f054854e","user_id":"browser-alice","role_ids":["e535a359-cb7f-4d6c-9451-32aef599c494"]}]}

[bob-roles:ws:received] {"type":"history","server_id":"browser-server","channel":"#general","messages":[{"id":"c1108192-4f40-471e-9005-d6231517708e","from":"alice","content":"unfurl failure must not block https://example.invalid/concord-preview","timestamp":"2026-09-06T08:02:57.550Z"},{"id":"35eedb66-9427-46b4-a6ee-2e4376050e96","from":"alice","content":"","timestamp":"2026-09-06T08:02:56.240Z","attachments":[{"id":"6a2ab7bd-1b80-40f7-b015-95d42e3bca63","filename":"evidence.txt","content_type":"text/plain","file_size":

[bob-roles:ws:received] {"type":"thread_list","server_id":"browser-server","channel":"#general","threads":[]}

[bob-roles:ws:received] {"type":"error","code":"INVALID_INPUT","message":"forum tags require a forum channel"}

[bob-roles:console:error] Server error [INVALID_INPUT]: forum tags require a forum channel

[bob-roles:ws:received] {"type":"command_committed","receipt":{"request_id":"51121e98-2db8-42bb-96a8-1c59abbf9620","client_message_id":"51121e98-2db8-42bb-96a8-1c59abbf9620","message_id":"c1108192-4f40-471e-9005-d6231517708e","sequence":"8","entity_version":7,"persisted_at":"2026-09-06T08:03:07.881112900+00:00","replayed":false}}

[bob-roles:ws:received] {"type":"channel_list","server_id":"browser-server","channels":[{"id":"browser-general","conversation_id":"channel:62726F777365722D67656E6572616C","server_id":"browser-server","name":"#general","topic":"","member_count":2,"position":0,"is_private":false,"channel_type":"text","archived":false,"slowmode_seconds":0,"is_nsfw":false},{"id":"74bbc1ec-f589-4e12-9517-09449329b949","conversation_id":"channel:37346262633165632D663538392D346531322D393531372D303934343933323962393439","server_id":"browser-se

[bob-roles:ws:received] {"type":"unread_counts","server_id":"browser-server","counts":[]}

[bob-roles:ws:received] {"type":"join","nickname":"bob","server_id":"browser-server","channel":"#general","user_id":"browser-bob","role_ids":["881ae72e-6a8d-4d73-9f55-3370512d096d"]}

[bob-roles:ws:received] {"type":"names","server_id":"browser-server","channel":"#general","members":[{"nickname":"bob","user_id":"browser-bob","role_ids":["881ae72e-6a8d-4d73-9f55-3370512d096d"]},{"nickname":"alice","server_avatar_url":"/api/uploads/d84d4179-be0d-4ebd-89d0-cd13f054854e","user_id":"browser-alice","role_ids":["e535a359-cb7f-4d6c-9451-32aef599c494"]}]}

[bob-roles:ws:received] {"type":"names","server_id":"browser-server","channel":"#general","members":[{"nickname":"bob","user_id":"browser-bob","role_ids":["881ae72e-6a8d-4d73-9f55-3370512d096d"]},{"nickname":"alice","server_avatar_url":"/api/uploads/d84d4179-be0d-4ebd-89d0-cd13f054854e","user_id":"browser-alice","role_ids":["e535a359-cb7f-4d6c-9451-32aef599c494"]}]}

[bob-roles:ws:received] {"type":"history","server_id":"browser-server","channel":"#general","messages":[{"id":"c1108192-4f40-471e-9005-d6231517708e","from":"alice","content":"unfurl failure must not block https://example.invalid/concord-preview","timestamp":"2026-09-06T08:02:57.550Z"},{"id":"35eedb66-9427-46b4-a6ee-2e4376050e96","from":"alice","content":"","timestamp":"2026-09-06T08:02:56.240Z","attachments":[{"id":"6a2ab7bd-1b80-40f7-b015-95d42e3bca63","filename":"evidence.txt","content_type":"text/plain","file_size":

[bob-roles:ws:received] {"type":"thread_list","server_id":"browser-server","channel":"#general","threads":[]}

[bob-roles:ws:received] {"type":"error","code":"INVALID_INPUT","message":"forum tags require a forum channel"}

[bob-roles:console:error] Server error [INVALID_INPUT]: forum tags require a forum channel

[alice-roles:ws:sent] {"type":"list_forum_tags","server_id":"browser-server","channel":"#help-forum"}

[alice-roles:ws:sent] {"type":"list_forum_tags","server_id":"browser-server","channel":"#help-forum"}

[alice-roles:ws:received] {"type":"forum_tag_list","server_id":"browser-server","channel":"#help-forum","tags":[]}

[alice-roles:ws:received] {"type":"forum_tag_list","server_id":"browser-server","channel":"#help-forum","tags":[]}

[alice-roles:ws:sent] {"type":"list_channel_permission_overrides","server_id":"browser-server","channel_id":"browser-general"}

[alice-roles:ws:sent] {"type":"list_channel_permission_overrides","server_id":"browser-server","channel_id":"browser-general"}

[alice-roles:ws:received] {"type":"channel_permission_override_list","server_id":"browser-server","channel_id":"browser-general","overrides":[]}

[alice-roles:ws:received] {"type":"channel_permission_override_list","server_id":"browser-server","channel_id":"browser-general","overrides":[]}

[alice-roles:ws:sent] {"type":"set_channel_permission_override","server_id":"browser-server","channel_id":"browser-general","target_type":"role","target_id":"881ae72e-6a8d-4d73-9f55-3370512d096d","allow_bits":0,"deny_bits":1}

[bob-roles:ws:received] {"type":"channel_permission_override_list","server_id":"browser-server","channel_id":"browser-general","overrides":[{"id":"601e7575-65d6-4609-8e60-ebc8373b871e","channel_id":"browser-general","target_type":"role","target_id":"881ae72e-6a8d-4d73-9f55-3370512d096d","allow_bits":0,"deny_bits":1}]}

[alice-roles:ws:received] {"type":"channel_permission_override_list","server_id":"browser-server","channel_id":"browser-general","overrides":[{"id":"601e7575-65d6-4609-8e60-ebc8373b871e","channel_id":"browser-general","target_type":"role","target_id":"881ae72e-6a8d-4d73-9f55-3370512d096d","allow_bits":0,"deny_bits":1}]}

[alice-roles:ws:received] {"type":"quit","nickname":"bob","reason":null}

[alice-roles:ws:received] {"type":"presence_update","server_id":"browser-server","presence":{"user_id":"browser-bob","nickname":"bob","status":"offline"}}

[bob-roles:console:debug] [vite] connecting...

[bob-roles:ws:received] {"type":"connected"}

[bob-roles:console:debug] [vite] connected.

[bob-roles:console:info] %cDownload the React DevTools for a better development experience: https://react.dev/link/react-devtools font-weight:bold

[bob-roles:ws:sent] {"type":"list_servers"}

[bob-roles:ws:sent] {"type":"list_direct_conversations"}

[bob-roles:ws:sent] {"type":"get_server_limits"}

[bob-roles:ws:sent] {"type":"sync","request_id":"9e88bdac-d0de-4129-b79a-841bfca7fd4d","protocol_version":2,"subscriptions":[],"limit":100}

[bob-roles:ws:received] {"type":"own_presence","requested_status":"online","effective_status":"online","custom_status":null,"status_emoji":null}

[bob-roles:ws:received] {"type":"server_list","servers":[{"id":"browser-server","name":"Browser fixture","member_count":3,"role":"member","my_permissions":80915}]}

[bob-roles:ws:sent] {"type":"list_channels","server_id":"browser-server"}

[bob-roles:ws:sent] {"type":"get_unread_counts","server_id":"browser-server"}

[bob-roles:ws:sent] {"type":"list_channels","server_id":"browser-server"}

[bob-roles:ws:sent] {"type":"get_unread_counts","server_id":"browser-server"}

[bob-roles:ws:received] {"type":"direct_conversation_list","conversations":[{"id":"browser-dm","peer_id":"browser-alice","peer_username":"alice","last_message_at":"2026-09-06 08:02:46.950","unread_count":0}]}

[bob-roles:ws:sent] {"type":"sync","request_id":"3cb3bce7-78dd-44e2-a115-c29b7cd2517e","protocol_version":2,"subscriptions":["browser-dm"],"limit":100}

[bob-roles:ws:received] {"type":"server_limits","max_message_length":4000,"max_file_size_mb":10}

[bob-roles:ws:received] {"type":"sync_snapshot","request_id":"9e88bdac-d0de-4129-b79a-841bfca7fd4d","snapshot":{"protocol_version":2,"operation_generation":"46dbf294fbbe4e3af2cd6ddd32e97a0d","cursor":"X142uKRgtKTJBZpjd7HrQgY63RGSeVuedCAiLchA6qNKH8mCOUo7v8Hvb1Ox0qjHmQL3C605OphqXjPhqWkWwiPOObTnhHVY1S7u8q7LxqdCqf0epQleU4HsgMZab1DVXMUbvKxu4z5RWm5XeZHc1nQSXEYpBzTAcvAhbMkYG0XTdbmXW9Vp6KECsbL6Tx-Qe5eBNoUmiNhObJi_QwYxyJ90JZG409uUgY0m1dL1ggGyOdDuNn0mf7FUAcfCm82EI4YGCvwNn6z63CsRbRzLF73mCyUkg2QYLh7vHZ7vd7iV9qKozsfYv99ZI4QpSAcBS9x

[bob-roles:ws:received] {"type":"channel_list","server_id":"browser-server","channels":[{"id":"74bbc1ec-f589-4e12-9517-09449329b949","conversation_id":"channel:37346262633165632D663538392D346531322D393531372D303934343933323962393439","server_id":"browser-server","name":"#help-forum","topic":"","member_count":0,"position":1,"is_private":false,"channel_type":"forum","archived":false,"slowmode_seconds":0,"is_nsfw":false}]}

[bob-roles:ws:sent] {"type":"list_roles","server_id":"browser-server"}

[bob-roles:ws:sent] {"type":"list_categories","server_id":"browser-server"}

[bob-roles:ws:sent] {"type":"get_presences","server_id":"browser-server"}

[bob-roles:ws:sent] {"type":"get_notification_settings","server_id":"browser-server"}

[bob-roles:ws:sent] {"type":"sync","request_id":"0b127bd5-33e7-456c-9fe4-94c7bc904c06","protocol_version":2,"subscriptions":["browser-dm","channel:37346262633165632D663538392D346531322D393531372D303934343933323962393439"],"limit":100}

[bob-roles:ws:received] {"type":"unread_counts","server_id":"browser-server","counts":[]}

[bob-roles:ws:received] {"type":"channel_list","server_id":"browser-server","channels":[{"id":"74bbc1ec-f589-4e12-9517-09449329b949","conversation_id":"channel:37346262633165632D663538392D346531322D393531372D303934343933323962393439","server_id":"browser-server","name":"#help-forum","topic":"","member_count":0,"position":1,"is_private":false,"channel_type":"forum","archived":false,"slowmode_seconds":0,"is_nsfw":false}]}

[bob-roles:ws:received] {"type":"unread_counts","server_id":"browser-server","counts":[]}

[bob-roles:ws:received] {"type":"sync_snapshot","request_id":"3cb3bce7-78dd-44e2-a115-c29b7cd2517e","snapshot":{"protocol_version":2,"operation_generation":"46dbf294fbbe4e3af2cd6ddd32e97a0d","cursor":"OMy0yoVE6Z75gBrIJgr4kqc6UNVDTQaM6gwGVJwzNvHWymnjvKBJIZPT7OqBbdgGT0qPIxd1NwWCdrqiEzPJAwj8OEvlUTn9h8X5HT1lfpI-izZAQW5oHRrcpPB8uT5TvBi0VOhmbMVnxIi4ZacEJFVuE1tYnudJVhY5DmLvqSulz7eCU4Q7WJ5C_b0gD1GcVJAjCJsA1qfVlHJ6EGzR8VDU0W7vkv4cEB4iwwbDjaGFzVhKbkMgk4nbTXK9Su7l0uslX-fsE7ibHiJuHLboPu9XC59OLDj0ADrjb712-eQcXA3LL-tkxaIlA7s1499HYYU

[bob-roles:ws:sent] {"type":"list_channels","server_id":"browser-server"}

[bob-roles:ws:received] {"type":"role_list","server_id":"browser-server","version":4,"roles":[{"id":"881ae72e-6a8d-4d73-9f55-3370512d096d","server_id":"browser-server","name":"Purple steward","color":"#7c3aed","position":4,"permissions":2,"is_default":false},{"id":"e535a359-cb7f-4d6c-9451-32aef599c494","server_id":"browser-server","name":"Owner","position":3,"permissions":32636159,"is_default":false},{"id":"75f6531b-4433-4367-bf81-1fd76af041fb","server_id":"browser-server","name":"Admin","position":2,"permissions":1301

[bob-roles:ws:received] {"type":"category_list","server_id":"browser-server","categories":[{"id":"6784514b-35ac-45bb-8fb4-a2a0cc14405f","server_id":"browser-server","name":"Private work","position":0}]}

[bob-roles:ws:received] {"type":"presence_list","server_id":"browser-server","presences":[{"user_id":"browser-alice","nickname":"alice","avatar_url":"/api/uploads/d84d4179-be0d-4ebd-89d0-cd13f054854e","status":"idle","custom_status":"Writing tests","status_emoji":"🌙"},{"user_id":"browser-bob","nickname":"bob","status":"online"},{"user_id":"browser-helper-bot","nickname":"helper-bot","status":"offline"}]}

[bob-roles:ws:received] {"type":"notification_settings","server_id":"browser-server","settings":[]}

[bob-roles:ws:received] {"type":"sync_snapshot","request_id":"0b127bd5-33e7-456c-9fe4-94c7bc904c06","snapshot":{"protocol_version":2,"operation_generation":"46dbf294fbbe4e3af2cd6ddd32e97a0d","cursor":"s0FUJDQizA4wXxWDs_FgOdnaEySQR3BaC6Ao6wSTYITiP0O61MYnKK1_eszBE_j9AWXnFw05-NYfsrYB_MShotP9aaS6dLiHrXHz25vhCH0Y1F9-mKvBeCDc0t9v_7SNSkh4SX-E8VbbTkquymzPnbtpFAtS1c6PmeRlq0GNtsWyTNmmgOS0gW1f5PsLczIGdV2vpBqs-8SHJd_ZZewaRjsHAShoAQINi_r8wLQ8nD25CClO5YU_cB4NlvKbHZRL72ON7xuGm4cEo7Sonku578b3wui91BtcycAPChNyy5Ouek_9qWznI_QJr_PP47SCNZO

[bob-roles:ws:received] {"type":"channel_list","server_id":"browser-server","channels":[{"id":"74bbc1ec-f589-4e12-9517-09449329b949","conversation_id":"channel:37346262633165632D663538392D346531322D393531372D303934343933323962393439","server_id":"browser-server","name":"#help-forum","topic":"","member_count":0,"position":1,"is_private":false,"channel_type":"forum","archived":false,"slowmode_seconds":0,"is_nsfw":false}]}

[alice-roles:ws:sent] {"type":"delete_channel_permission_override","server_id":"browser-server","channel_id":"browser-general","target_type":"role","target_id":"881ae72e-6a8d-4d73-9f55-3370512d096d"}

[bob-roles:ws:received] {"type":"channel_permission_override_list","server_id":"browser-server","channel_id":"browser-general","overrides":[]}

[alice-roles:ws:received] {"type":"channel_permission_override_list","server_id":"browser-server","channel_id":"browser-general","overrides":[]}

[alice-roles:ws:received] {"type":"presence_update","server_id":"browser-server","presence":{"user_id":"browser-bob","nickname":"bob","status":"offline"}}

[bob-roles:console:debug] [vite] connecting...

[bob-roles:ws:received] {"type":"connected"}

[bob-roles:console:debug] [vite] connected.

[bob-roles:console:info] %cDownload the React DevTools for a better development experience: https://react.dev/link/react-devtools font-weight:bold

[bob-roles:ws:sent] {"type":"list_servers"}

[bob-roles:ws:sent] {"type":"list_direct_conversations"}

[bob-roles:ws:sent] {"type":"get_server_limits"}

[bob-roles:ws:sent] {"type":"sync","request_id":"61e6dae9-4658-4db4-a6b6-b782da396251","protocol_version":2,"subscriptions":[],"limit":100}

[bob-roles:ws:received] {"type":"own_presence","requested_status":"online","effective_status":"online","custom_status":null,"status_emoji":null}

[bob-roles:ws:received] {"type":"server_list","servers":[{"id":"browser-server","name":"Browser fixture","member_count":3,"role":"member","my_permissions":80915}]}

[bob-roles:ws:sent] {"type":"list_channels","server_id":"browser-server"}

[bob-roles:ws:sent] {"type":"get_unread_counts","server_id":"browser-server"}

[bob-roles:ws:sent] {"type":"list_channels","server_id":"browser-server"}

[bob-roles:ws:sent] {"type":"get_unread_counts","server_id":"browser-server"}

[bob-roles:ws:received] {"type":"direct_conversation_list","conversations":[{"id":"browser-dm","peer_id":"browser-alice","peer_username":"alice","last_message_at":"2026-09-06 08:02:46.950","unread_count":0}]}

[bob-roles:ws:sent] {"type":"sync","request_id":"ba9d8f64-77b1-497e-9d2e-4c8e0ecdc40e","protocol_version":2,"subscriptions":["browser-dm"],"limit":100}

[bob-roles:ws:received] {"type":"server_limits","max_message_length":4000,"max_file_size_mb":10}

[bob-roles:ws:received] {"type":"sync_snapshot","request_id":"61e6dae9-4658-4db4-a6b6-b782da396251","snapshot":{"protocol_version":2,"operation_generation":"46dbf294fbbe4e3af2cd6ddd32e97a0d","cursor":"O_nUjQcoDVvGh9oRHzqyI1em0nwOWell8gzmbWC_Qe2NOfWAnabMqSZhIJSejBSH81IudPB9wifIunMeBl3njOvkJ0u2chfh3vK7sz9y64r0c-TB-tq3EUkPINgh8eCw0UK_6TDdrIxFVhzvUSroscQrtdyaseIwXVE35ddneZ7wW0ZTblZySl7pv3WZsHcKBqs_y0j551Qi7VTCyVtdTIsrt2Ikb9OnZ84IfPhzzVmU9ZldQfk31pcSIA4r4jAkhEj3J9ZwtkMCpkpWnBrws2XNOIfFwnGQRcjpVpP88II67IIB6srqKmx8EuIKHiBJfU4

[bob-roles:ws:received] {"type":"channel_list","server_id":"browser-server","channels":[{"id":"browser-general","conversation_id":"channel:62726F777365722D67656E6572616C","server_id":"browser-server","name":"#general","topic":"","member_count":1,"position":0,"is_private":false,"channel_type":"text","archived":false,"slowmode_seconds":0,"is_nsfw":false},{"id":"74bbc1ec-f589-4e12-9517-09449329b949","conversation_id":"channel:37346262633165632D663538392D346531322D393531372D303934343933323962393439","server_id":"browser-se

[bob-roles:ws:sent] {"type":"list_roles","server_id":"browser-server"}

[bob-roles:ws:sent] {"type":"list_categories","server_id":"browser-server"}

[bob-roles:ws:sent] {"type":"get_presences","server_id":"browser-server"}

[bob-roles:ws:sent] {"type":"get_notification_settings","server_id":"browser-server"}

[bob-roles:ws:sent] {"type":"sync","request_id":"85e66b4d-e141-4c93-b8c6-5c7dd55f56f8","protocol_version":2,"subscriptions":["browser-dm","channel:37346262633165632D663538392D346531322D393531372D303934343933323962393439","channel:62726F777365722D67656E6572616C"],"limit":100}

[bob-roles:ws:received] {"type":"unread_counts","server_id":"browser-server","counts":[]}

[bob-roles:ws:received] {"type":"channel_list","server_id":"browser-server","channels":[{"id":"browser-general","conversation_id":"channel:62726F777365722D67656E6572616C","server_id":"browser-server","name":"#general","topic":"","member_count":1,"position":0,"is_private":false,"channel_type":"text","archived":false,"slowmode_seconds":0,"is_nsfw":false},{"id":"74bbc1ec-f589-4e12-9517-09449329b949","conversation_id":"channel:37346262633165632D663538392D346531322D393531372D303934343933323962393439","server_id":"browser-se

[bob-roles:ws:received] {"type":"unread_counts","server_id":"browser-server","counts":[]}

[bob-roles:ws:received] {"type":"sync_snapshot","request_id":"ba9d8f64-77b1-497e-9d2e-4c8e0ecdc40e","snapshot":{"protocol_version":2,"operation_generation":"46dbf294fbbe4e3af2cd6ddd32e97a0d","cursor":"Cyncc7Sy3aTNLgyOACG1zL1CH4e3nrZ_wojG0iQd1cfk_oOL9Z1AtdEfBftZ4NuArN2UfXh6-58msMv2GeetkISrhlM46uma_4jyWlkRSqerWTMdGOsTyBMk9tr9zjSE-rOaOrnbbuOoEha2LuhELx0Zo5HN53RW1yq0WmWvteRi7HW74sThuhzYsxJKYk6DaESSYrQZDAlqTu7fWdH7xpkN4FSvUqd-tMRZ-zIiL5IaguQwqixyG_18z6TCSPQriXyMj75sce2b8yHkhBX7_ldAfrRPht1DsYBHFkKWYdmUoWMlPV-3ko1EGJkbStGFkWK

[bob-roles:ws:received] {"type":"role_list","server_id":"browser-server","version":4,"roles":[{"id":"881ae72e-6a8d-4d73-9f55-3370512d096d","server_id":"browser-server","name":"Purple steward","color":"#7c3aed","position":4,"permissions":2,"is_default":false},{"id":"e535a359-cb7f-4d6c-9451-32aef599c494","server_id":"browser-server","name":"Owner","position":3,"permissions":32636159,"is_default":false},{"id":"75f6531b-4433-4367-bf81-1fd76af041fb","server_id":"browser-server","name":"Admin","position":2,"permissions":1301

[bob-roles:ws:received] {"type":"category_list","server_id":"browser-server","categories":[{"id":"6784514b-35ac-45bb-8fb4-a2a0cc14405f","server_id":"browser-server","name":"Private work","position":0}]}

[bob-roles:ws:sent] {"type":"list_channels","server_id":"browser-server"}

[bob-roles:ws:received] {"type":"presence_list","server_id":"browser-server","presences":[{"user_id":"browser-alice","nickname":"alice","avatar_url":"/api/uploads/d84d4179-be0d-4ebd-89d0-cd13f054854e","status":"idle","custom_status":"Writing tests","status_emoji":"🌙"},{"user_id":"browser-bob","nickname":"bob","status":"online"},{"user_id":"browser-helper-bot","nickname":"helper-bot","status":"offline"}]}

[bob-roles:ws:received] {"type":"notification_settings","server_id":"browser-server","settings":[]}

[bob-roles:ws:received] {"type":"sync_snapshot","request_id":"85e66b4d-e141-4c93-b8c6-5c7dd55f56f8","snapshot":{"protocol_version":2,"operation_generation":"46dbf294fbbe4e3af2cd6ddd32e97a0d","cursor":"RS_Md_4WDlty6Sd_mIWDW17TKhKprhvUnV_2siKWqd1TS9uok5Xc4UycsiE_nVik_TpXTMe45iA20vIZxXBwXdjXxF1Ta-LGdCJCMKZ9btqWMwRWcKk3ltxFrYkptQJIosvz2MrEkStrsb1T1ZzBytdWaZSwTMXssq-dQhb20X1CLOU8lP8TzBFH5fn4AT4TCIMU2Pn1YjJsM5tgaZ8xuE_r188_mSxVElf8hKdjOKSetcRiLmcoIPytq7pa_Qhge7wOgIZOMDFmIvjQ9wdxeVmh7YTTorPT7zYH15yeMTU3060t9pNrBTNHzOeMxHhaxgE

[bob-roles:ws:received] {"type":"channel_list","server_id":"browser-server","channels":[{"id":"browser-general","conversation_id":"channel:62726F777365722D67656E6572616C","server_id":"browser-server","name":"#general","topic":"","member_count":1,"position":0,"is_private":false,"channel_type":"text","archived":false,"slowmode_seconds":0,"is_nsfw":false},{"id":"74bbc1ec-f589-4e12-9517-09449329b949","conversation_id":"channel:37346262633165632D663538392D346531322D393531372D303934343933323962393439","server_id":"browser-se

[alice-roles:ws:received] {"type":"join","nickname":"bob","server_id":"browser-server","channel":"#general","user_id":"browser-bob","role_ids":["881ae72e-6a8d-4d73-9f55-3370512d096d"]}

[bob-roles:ws:sent] {"type":"join_channel","server_id":"browser-server","channel":"#general"}

[bob-roles:ws:sent] {"type":"get_members","server_id":"browser-server","channel":"#general"}

[bob-roles:ws:sent] {"type":"fetch_history","server_id":"browser-server","channel":"#general","limit":50}

[bob-roles:ws:sent] {"type":"list_threads","server_id":"browser-server","channel":"#general"}

[bob-roles:ws:sent] {"type":"list_forum_tags","server_id":"browser-server","channel":"#general"}

[bob-roles:ws:sent] {"type":"mark_read","operation_generation":"46dbf294fbbe4e3af2cd6ddd32e97a0d","request_id":"f937b301-f4f8-44b1-9f5a-0a75fd1c4c30","client_message_id":"f937b301-f4f8-44b1-9f5a-0a75fd1c4c30","server_id":"browser-server","channel":"#general","message_id":"c1108192-4f40-471e-9005-d6231517708e"}

[bob-roles:ws:sent] {"type":"list_slash_commands","server_id":"browser-server"}

[bob-roles:ws:sent] {"type":"list_channels","server_id":"browser-server"}

[bob-roles:ws:sent] {"type":"get_unread_counts","server_id":"browser-server"}

[bob-roles:ws:sent] {"type":"join_channel","server_id":"browser-server","channel":"#general"}

[bob-roles:ws:sent] {"type":"get_members","server_id":"browser-server","channel":"#general"}

[bob-roles:ws:sent] {"type":"fetch_history","server_id":"browser-server","channel":"#general","limit":50}

[bob-roles:ws:sent] {"type":"list_threads","server_id":"browser-server","channel":"#general"}

[bob-roles:ws:sent] {"type":"list_forum_tags","server_id":"browser-server","channel":"#general"}

[bob-roles:ws:sent] {"type":"list_slash_commands","server_id":"browser-server"}

[alice-roles:ws:received] {"type":"join","nickname":"bob","server_id":"browser-server","channel":"#general","user_id":"browser-bob","role_ids":["881ae72e-6a8d-4d73-9f55-3370512d096d"]}

[bob-roles:ws:received] {"type":"join","nickname":"bob","server_id":"browser-server","channel":"#general","user_id":"browser-bob","role_ids":["881ae72e-6a8d-4d73-9f55-3370512d096d"]}

[bob-roles:console:error] Failed to load resource: the server responded with a status of 404 (Not Found)

[bob-roles:ws:received] {"type":"names","server_id":"browser-server","channel":"#general","members":[{"nickname":"bob","user_id":"browser-bob","role_ids":["881ae72e-6a8d-4d73-9f55-3370512d096d"]},{"nickname":"alice","server_avatar_url":"/api/uploads/d84d4179-be0d-4ebd-89d0-cd13f054854e","user_id":"browser-alice","role_ids":["e535a359-cb7f-4d6c-9451-32aef599c494"]}]}

[bob-roles:ws:received] {"type":"names","server_id":"browser-server","channel":"#general","members":[{"nickname":"bob","user_id":"browser-bob","role_ids":["881ae72e-6a8d-4d73-9f55-3370512d096d"]},{"nickname":"alice","server_avatar_url":"/api/uploads/d84d4179-be0d-4ebd-89d0-cd13f054854e","user_id":"browser-alice","role_ids":["e535a359-cb7f-4d6c-9451-32aef599c494"]}]}

[bob-roles:ws:received] {"type":"history","server_id":"browser-server","channel":"#general","messages":[{"id":"c1108192-4f40-471e-9005-d6231517708e","from":"alice","content":"unfurl failure must not block https://example.invalid/concord-preview","timestamp":"2026-09-06T08:02:57.550Z"},{"id":"35eedb66-9427-46b4-a6ee-2e4376050e96","from":"alice","content":"","timestamp":"2026-09-06T08:02:56.240Z","attachments":[{"id":"6a2ab7bd-1b80-40f7-b015-95d42e3bca63","filename":"evidence.txt","content_type":"text/plain","file_size":

[bob-roles:ws:received] {"type":"thread_list","server_id":"browser-server","channel":"#general","threads":[]}

[bob-roles:ws:received] {"type":"error","code":"INVALID_INPUT","message":"forum tags require a forum channel"}

[bob-roles:console:error] Server error [INVALID_INPUT]: forum tags require a forum channel

[bob-roles:ws:received] {"type":"command_committed","receipt":{"request_id":"f937b301-f4f8-44b1-9f5a-0a75fd1c4c30","client_message_id":"f937b301-f4f8-44b1-9f5a-0a75fd1c4c30","message_id":"c1108192-4f40-471e-9005-d6231517708e","sequence":"8","entity_version":7,"persisted_at":"2026-09-06T08:03:08.816150664+00:00","replayed":false}}

[bob-roles:ws:received] {"type":"channel_list","server_id":"browser-server","channels":[{"id":"browser-general","conversation_id":"channel:62726F777365722D67656E6572616C","server_id":"browser-server","name":"#general","topic":"","member_count":2,"position":0,"is_private":false,"channel_type":"text","archived":false,"slowmode_seconds":0,"is_nsfw":false},{"id":"74bbc1ec-f589-4e12-9517-09449329b949","conversation_id":"channel:37346262633165632D663538392D346531322D393531372D303934343933323962393439","server_id":"browser-se

[bob-roles:ws:received] {"type":"unread_counts","server_id":"browser-server","counts":[]}

[bob-roles:ws:received] {"type":"join","nickname":"bob","server_id":"browser-server","channel":"#general","user_id":"browser-bob","role_ids":["881ae72e-6a8d-4d73-9f55-3370512d096d"]}

[bob-roles:ws:received] {"type":"names","server_id":"browser-server","channel":"#general","members":[{"nickname":"bob","user_id":"browser-bob","role_ids":["881ae72e-6a8d-4d73-9f55-3370512d096d"]},{"nickname":"alice","server_avatar_url":"/api/uploads/d84d4179-be0d-4ebd-89d0-cd13f054854e","user_id":"browser-alice","role_ids":["e535a359-cb7f-4d6c-9451-32aef599c494"]}]}

[bob-roles:ws:received] {"type":"names","server_id":"browser-server","channel":"#general","members":[{"nickname":"bob","user_id":"browser-bob","role_ids":["881ae72e-6a8d-4d73-9f55-3370512d096d"]},{"nickname":"alice","server_avatar_url":"/api/uploads/d84d4179-be0d-4ebd-89d0-cd13f054854e","user_id":"browser-alice","role_ids":["e535a359-cb7f-4d6c-9451-32aef599c494"]}]}

[bob-roles:ws:received] {"type":"history","server_id":"browser-server","channel":"#general","messages":[{"id":"c1108192-4f40-471e-9005-d6231517708e","from":"alice","content":"unfurl failure must not block https://example.invalid/concord-preview","timestamp":"2026-09-06T08:02:57.550Z"},{"id":"35eedb66-9427-46b4-a6ee-2e4376050e96","from":"alice","content":"","timestamp":"2026-09-06T08:02:56.240Z","attachments":[{"id":"6a2ab7bd-1b80-40f7-b015-95d42e3bca63","filename":"evidence.txt","content_type":"text/plain","file_size":

[bob-roles:ws:received] {"type":"thread_list","server_id":"browser-server","channel":"#general","threads":[]}

[bob-roles:ws:received] {"type":"error","code":"INVALID_INPUT","message":"forum tags require a forum channel"}

[bob-roles:console:error] Server error [INVALID_INPUT]: forum tags require a forum channel

[alice-roles:ws:sent] {"type":"remove_role","server_id":"browser-server","user_id":"browser-bob","role_id":"881ae72e-6a8d-4d73-9f55-3370512d096d"}

[bob-roles:ws:received] {"type":"role_list","server_id":"browser-server","version":5,"roles":[{"id":"881ae72e-6a8d-4d73-9f55-3370512d096d","server_id":"browser-server","name":"Purple steward","color":"#7c3aed","position":4,"permissions":2,"is_default":false},{"id":"e535a359-cb7f-4d6c-9451-32aef599c494","server_id":"browser-server","name":"Owner","position":3,"permissions":32636159,"is_default":false},{"id":"75f6531b-4433-4367-bf81-1fd76af041fb","server_id":"browser-server","name":"Admin","position":2,"permissions":1301

[bob-roles:ws:received] {"type":"member_role_update","server_id":"browser-server","version":5,"user_id":"browser-bob","role_ids":[]}

[alice-roles:ws:received] {"type":"role_list","server_id":"browser-server","version":5,"roles":[{"id":"881ae72e-6a8d-4d73-9f55-3370512d096d","server_id":"browser-server","name":"Purple steward","color":"#7c3aed","position":4,"permissions":2,"is_default":false},{"id":"e535a359-cb7f-4d6c-9451-32aef599c494","server_id":"browser-server","name":"Owner","position":3,"permissions":32636159,"is_default":false},{"id":"75f6531b-4433-4367-bf81-1fd76af041fb","server_id":"browser-server","name":"Admin","position":2,"permissions":1301

[alice-roles:ws:received] {"type":"member_role_update","server_id":"browser-server","version":5,"user_id":"browser-bob","role_ids":[]}

[alice-roles:ws:sent] {"type":"assign_role","server_id":"browser-server","user_id":"browser-bob","role_id":"881ae72e-6a8d-4d73-9f55-3370512d096d"}

[bob-roles:ws:received] {"type":"role_list","server_id":"browser-server","version":6,"roles":[{"id":"881ae72e-6a8d-4d73-9f55-3370512d096d","server_id":"browser-server","name":"Purple steward","color":"#7c3aed","position":4,"permissions":2,"is_default":false},{"id":"e535a359-cb7f-4d6c-9451-32aef599c494","server_id":"browser-server","name":"Owner","position":3,"permissions":32636159,"is_default":false},{"id":"75f6531b-4433-4367-bf81-1fd76af041fb","server_id":"browser-server","name":"Admin","position":2,"permissions":1301

[bob-roles:ws:received] {"type":"member_role_update","server_id":"browser-server","version":6,"user_id":"browser-bob","role_ids":["881ae72e-6a8d-4d73-9f55-3370512d096d"]}

[alice-roles:ws:received] {"type":"role_list","server_id":"browser-server","version":6,"roles":[{"id":"881ae72e-6a8d-4d73-9f55-3370512d096d","server_id":"browser-server","name":"Purple steward","color":"#7c3aed","position":4,"permissions":2,"is_default":false},{"id":"e535a359-cb7f-4d6c-9451-32aef599c494","server_id":"browser-server","name":"Owner","position":3,"permissions":32636159,"is_default":false},{"id":"75f6531b-4433-4367-bf81-1fd76af041fb","server_id":"browser-server","name":"Admin","position":2,"permissions":1301

[alice-roles:ws:received] {"type":"member_role_update","server_id":"browser-server","version":6,"user_id":"browser-bob","role_ids":["881ae72e-6a8d-4d73-9f55-3370512d096d"]}

[alice-roles:ws:sent] {"type":"delete_role","server_id":"browser-server","role_id":"881ae72e-6a8d-4d73-9f55-3370512d096d"}

[bob-roles:ws:received] {"type":"role_list","server_id":"browser-server","version":7,"roles":[{"id":"e535a359-cb7f-4d6c-9451-32aef599c494","server_id":"browser-server","name":"Owner","position":3,"permissions":32636159,"is_default":false},{"id":"75f6531b-4433-4367-bf81-1fd76af041fb","server_id":"browser-server","name":"Admin","position":2,"permissions":130175,"is_default":false},{"id":"3d9d6cf1-a551-43ba-93a4-0b23f81edd22","server_id":"browser-server","name":"Moderator","position":1,"permissions":130097,"is_default":fa

[alice-roles:ws:received] {"type":"role_list","server_id":"browser-server","version":7,"roles":[{"id":"e535a359-cb7f-4d6c-9451-32aef599c494","server_id":"browser-server","name":"Owner","position":3,"permissions":32636159,"is_default":false},{"id":"75f6531b-4433-4367-bf81-1fd76af041fb","server_id":"browser-server","name":"Admin","position":2,"permissions":130175,"is_default":false},{"id":"3d9d6cf1-a551-43ba-93a4-0b23f81edd22","server_id":"browser-server","name":"Moderator","position":1,"permissions":130097,"is_default":fa

[15/15] tests/authenticated/authenticated.spec.ts:829:1 › private thread remains scoped and archive state survives restart
[WebServer] 3:03:11 AM [vite] ws proxy error:
[WebServer] Error: read ECONNRESET
[WebServer]     at TCP.onStreamRead (node:internal/stream_base_commons:216:20)

[WebServer] 3:03:11 AM [vite] ws proxy socket error:
[WebServer] Error: read ECONNRESET
[WebServer]     at TCP.onStreamRead (node:internal/stream_base_commons:216:20)

  15 passed (31.3s)
